siteID,pitProfileID,topDepth,bottomDepth,orientation,sampleMethod,sampleLength,sampleArea,sampleVolume,fineRootLiveMass,coarseRootLiveMass,fineRootDeadMass,coarseRootDeadMass,remarks
D01BART,1,0,10,NA,SK,,100,1000,12723.4,4083.8,99.2,0,NA
D01BART,1,10,20,NA,SK,,100,1000,2187,4422.5,346.3,614.5,NA
D01BART,1,20,30,NA,SK,,100,1000,1184.3,0,132.1,0,NA
D01BART,1,30,40,NA,SK,,90,900,167.2,0,139.3,0,NA
D01BART,1,40,50,NA,SK,,100,1000,170.2,0,227.5,0,NA
D01BART,1,50,60,NA,SK,,100,1000,57.9,0,37.5,0,NA
D01BART,1,60,70,NA,SK,,110,1320,113.1,131.3,75.8,0,NA
D01BART,1,70,80,NA,SK,,100,1000,485.3,0,271.9,61.3,NA
D01BART,1,80,90,NA,SK,,105,1102.5,165.9,0,118.4,0,NA
D01BART,1,90,100,NA,SK,,100,1000,5,0,11.5,0,NA
D01BART,1,100,120,long axis parallel ,SK,,110,2200,8.7,0,32,0,NA
D01BART,1,120,140,long axis parallel ,SK,,110,2200,11.9,0,3.1,0,NA
D01BART,1,140,160,long axis parallel ,SK,,100,2000,0.1,0,0.3,0,NA
D01BART,2,0,10,NA,SK,,100,1000,3426.4,5191.6,537.7,622.9,NA
D01BART,2,10,20,NA,SK,,100,1000,2831.6,3629.1,494.8,292.4,very large rock that spread far and prevented horizontal shift of sample
D01BART,2,20,30,NA,SK,,45,450,1211.5,3277.2,199.2,111.9,NA
D01BART,2,30,40,NA,SK,,100,1000,1061.5,0,293.9,72.3,translocated to the right to avoid very large rock
D01BART,2,40,50,NA,SK,,120,1200,178.3,0,100.4,0,NA
D01BART,2,50,60,NA,SK,,140,1540,200.9,0,117.6,0,NA
D01BART,2,60,70,NA,SK,,140,1400,131.1,0,173.8,0,NA
D01BART,2,70,80,NA,SK,,100,1000,153.2,0,76.5,0,NA
D01BART,2,80,90,NA,SK,,99,940.5,7.5,0,10.2,0,NA
D01BART,2,90,100,NA,SK,,120,1080,177.3,0,237.7,0,small amount from face adjacent to sample fell in to sample collection
D01BART,2,100,120,long axis parallel ,SK,,100,2000,8.5,0,8.2,0,NA
D01BART,2,120,140,long axis parallel ,SK,,100,2200,0.7,0,2.1,0,NA
D01BART,2,140,160,long axis parallel ,SK,,100,2000,0.3,0,0,0,NA
D01BART,3,0,10,NA,SK,,90,990,4855,792.7,620.7,329.9,NA
D01BART,3,10,20,NA,SK,,156,1872,4261.3,8364.6,859.8,838.1,NA
D01BART,3,20,30,NA,SK,,100,1000,1438.5,1152.4,461.3,375.5,NA
D01BART,3,30,40,NA,SK,,110,1100,472.4,0,336.2,0,NA
D01BART,3,40,50,NA,SK,,110,1100,125.6,0,34.4,0,NA
D01BART,3,50,60,NA,SK,,100,1000,39.1,0,27.2,0,NA
D01BART,3,60,70,NA,SK,,100,1000,6.5,0,61,0,NA
D01BART,3,70,80,NA,SK,,105,1050,26.1,0,65.7,0,rock in middle of sample
D01BART,3,80,90,NA,SK,,90,1080,9,0,12.5,0,NA
D01BART,3,90,100,NA,SK,,110,1100,73.8,0,187.6,0,NA
D01BART,3,100,120,long axis parallel ,SK,,90,1800,184,0,39.2,0,NA
D01BART,3,120,140,long axis parallel ,SK,,100,2000,0.1,0,0.1,0,NA
D01BART,3,140,160,long axis parallel ,SK,,100,2000,3.2,0,24.9,0,NA
D01HARV,1,0,10,parallel,BDC,,20.26829916,587.7806758,4205.7,506.1,0,0,NA
D01HARV,1,10,20,parallel,BDC,,20.26829916,202.6829916,829,81.4,0,0,NA
D01HARV,1,20,30,parallel,BDC,,20.26829916,101.3414958,173.3,0,0,0,NA
D01HARV,1,30,40,parallel,BDC,,20.26829916,486.4391799,641.2,135.3,0,0,NA
D01HARV,1,40,50,normal,BDC,,20.26829916,283.7561883,241.9,0,0,0,NA
D01HARV,1,50,60,normal,BDC,,20.26829916,222.9512908,195.8,0,0,0,NA
D01HARV,1,60,70,normal,BDC,,20.26829916,425.6342824,235.8,0,0,0,NA
D01HARV,1,70,80,normal,BDC,,20.26829916,344.5610858,39.3,0,0,0,NA
D01HARV,1,80,90,normal,BDC,,20.26829916,587.7806758,13.5,0,0,0,NA
D01HARV,1,90,100,normal,BDC,,20.26829916,486.4391799,0,0,0,0,no roots found
D01HARV,1,100,110,normal,BDC,,20.26829916,496.5733295,0,0,0,0,no roots found
D01HARV,1,110,120,normal,BDC,,20.26829916,608.0489749,113.8,0,0,0,NA
D01HARV,1,120,130,normal,BDC,,20.26829916,425.6342824,237.1,0,0,0,NA
D01HARV,2,0,10,parallel,BDC,,20.26829916,587.7806758,2606.4,90.8,0,0,NA
D01HARV,2,10,20,parallel,BDC,,20.26829916,608.0489749,2088,149.2,0,0,NA
D01HARV,2,20,30,parallel,BDC,,20.26829916,547.2440774,1059,248.4,0,0,NA
D01HARV,2,30,40,parallel,BDC,,20.26829916,567.5123766,531.7,1753.3,0,0,NA
D01HARV,2,40,50,normal,BDC,,20.26829916,425.6342824,3080.1,94.8,0,0,NA
D01HARV,2,50,60,normal,BDC,,20.26829916,405.3659833,119.1,0,0,0,NA
D01HARV,2,60,70,normal,BDC,,20.26829916,506.7074791,313.5,22.4,0,0,NA
D01HARV,2,70,80,normal,BDC,,20.26829916,425.6342824,79.1,0,0,0,NA
D01HARV,2,80,90,normal,BDC,,20.26829916,506.7074791,0,0,0,0,no roots found
D01HARV,3,0,10,parallel,BDC,,20.26829916,526.9757783,3850.7,157.2,0,0,NA
D01HARV,3,10,20,parallel,BDC,,20.26829916,506.7074791,1233.7,177,0,0,NA
D01HARV,3,20,30,parallel,BDC,,20.26829916,364.829385,402.8,129.7,0,0,NA
D01HARV,3,30,40,parallel,BDC,,20.26829916,608.0489749,645.1,0,0,0,NA
D01HARV,3,40,50,normal,BDC,,20.26829916,547.2440774,276.4,0,0,0,NA
D02BLAN,1,0,10,parallel,BDC,30,20.26829916,608.0489749,1404.6,1571.9,0,0,NA
D02BLAN,1,10,20,parallel,BDC,31.5,20.26829916,638.4514237,310.7,68.6,0,0,NA
D02BLAN,1,20,30,parallel,BDC,32,20.26829916,648.5855732,248,0,0,0,NA
D02BLAN,1,30,40,parallel,BDC,30.5,20.26829916,618.1831245,279.4,0,0,0,NA
D02BLAN,1,40,50,long axis parallel ,SK,,100,1000,155.3,0,0,0,NA
D02BLAN,1,50,60,long axis parallel ,SK,,100,1000,247,0,0,0,NA
D02BLAN,1,60,70,long axis parallel ,SK,,100,1000,111,0,0,0,NA
D02BLAN,1,70,80,long axis parallel ,SK,,100,1000,110.8,0,0,0,samples were collected more from the 75-85cm depth
D02BLAN,1,80,90,long axis parallel ,SK,,100,1000,36.3,0,0,0,NA
D02BLAN,1,90,100,long axis parallel ,SK,,100,1000,64.7,0,0,0,NA
D02BLAN,1,100,120,long axis parallel ,SK,,100,2000,31.7,0,0,0,NA
D02BLAN,1,120,140,long axis parallel ,SK,,100,2000,111.7,0,0,0,NA
D02BLAN,1,140,160,long axis parallel ,SK,,100,2000,17.7,0,0,0,NA
D02BLAN,1,160,180,long axis parallel ,SK,,100,2000,311.3,0,0,0,NA
D02BLAN,2,0,10,parallel,BDC,31.5,20.26829916,638.4514237,1508,311.9,0,0,NA
D02BLAN,2,10,20,parallel,BDC,29,20.26829916,587.7806758,218.3,0,0,0,NA
D02BLAN,2,20,30,parallel,BDC,27.5,20.26829916,557.378227,111.8,0,0,0,NA
D02BLAN,2,30,40,parallel,BDC,32,20.26829916,648.5855732,35.1,0,0,0,NA
D02BLAN,2,40,50,long axis parallel ,SK,,100,1000,237.5,298.7,0,0,NA
D02BLAN,2,50,60,long axis parallel ,SK,,100,1000,252.3,473.8,0,0,NA
D02BLAN,2,60,70,long axis parallel ,SK,,100,1000,134.5,557.1,0,0,NA
D02BLAN,2,70,80,long axis parallel ,SK,,100,1000,159.7,0,0,0,samples were collected more from the 75-85cm depth
D02BLAN,2,80,90,long axis parallel ,SK,,100,1000,22.1,0,0,0,NA
D02BLAN,2,90,100,long axis parallel ,SK,,100,1000,47.1,0,0,0,NA
D02BLAN,2,100,120,long axis parallel ,SK,,100,2000,37.6,0,0,0,NA
D02BLAN,2,120,140,long axis parallel ,SK,,100,2000,99.1,0,0,0,NA
D02BLAN,2,140,160,long axis parallel ,SK,,100,2000,56.1,0,0,0,NA
D02BLAN,2,160,180,long axis parallel ,SK,,100,2000,92.4,0,0,0,NA
D02BLAN,3,0,10,parallel,BDC,30,20.26829916,608.0489749,1214.5,389,0,0,NA
D02BLAN,3,10,20,parallel,BDC,31.5,20.26829916,638.4514237,384.7,897.7,0,0,NA
D02BLAN,3,20,30,parallel,BDC,29.5,20.26829916,597.9148253,170.2,0,0,0,NA
D02BLAN,3,30,40,parallel,BDC,28,20.26829916,567.5123766,113.9,0,0,0,NA
D02BLAN,3,40,50,long axis parallel ,SK,,100,1000,503.6,272.7,0,0,NA
D02BLAN,3,50,60,long axis parallel ,SK,,100,1000,229.2,0,0,0,NA
D02BLAN,3,60,70,long axis parallel ,SK,,100,1000,79.4,0,0,0,NA
D02BLAN,3,70,80,long axis parallel ,SK,,100,1000,24.6,0,0,0,samples were collected more from the 75-85cm depth
D02BLAN,3,80,90,long axis parallel ,SK,,100,1000,36.4,0,0,0,NA
D02BLAN,3,90,100,long axis parallel ,SK,,100,1000,58,0,0,0,NA
D02BLAN,3,100,120,long axis parallel ,SK,,100,2000,86.7,0,0,0,NA
D02BLAN,3,120,140,long axis parallel ,SK,,100,2000,250.9,0,0,0,NA
D02BLAN,3,140,160,long axis parallel ,SK,,100,2000,69.5,0,0,0,NA
D02BLAN,3,160,180,long axis parallel ,SK,,100,2000,31,0,0,0,NA
<<<<<<< HEAD
D02SCBI,1,0,10,parallel,BDC,30,20.26829916,608.0489749,547.3,384.8,0,0,NA
D02SCBI,1,10,20,parallel,BDC,30,20.26829916,608.0489749,149.1,271.7,0,0,NA
D02SCBI,1,20,30,NA,SK,,100,1000,400.3,1436,0,0,NA
D02SCBI,1,30,40,NA,SK,,100,1000,313.1,695.8,0,0,NA
D02SCBI,1,40,50,NA,SK,,100,1000,226.1,1184,0,0,NA
D02SCBI,1,50,60,NA,SK,,100,1000,537.4,2358.3,0,0,NA
D02SCBI,1,60,70,NA,SK,,100,1000,127.7,227.5,0,0,NA
D02SCBI,1,70,80,NA,SK,,100,1000,183.4,0,0,0,NA
D02SCBI,1,80,90,NA,SK,,100,1000,38.4,0,0,0,NA
D02SCBI,1,90,100,NA,SK,,100,1000,55.2,0,0,0,NA
=======
D02SCBI,1,0,10,parallel,BDC,,20.26829916,608.0489749,547.3,384.8,0,0,NA
D02SCBI,1,10,20,parallel,BDC,,20.26829916,608.0489749,149.1,271.7,0,0,NA
D02SCBI,1,20,30,N/A,SK,,100,1000,400.3,1436,0,0,NA
D02SCBI,1,30,40,N/A,SK,,100,1000,313.1,695.8,0,0,NA
D02SCBI,1,40,50,N/A,SK,,100,1000,226.1,1184,0,0,NA
D02SCBI,1,50,60,N/A,SK,,100,1000,537.4,2358.3,0,0,NA
D02SCBI,1,60,70,N/A,SK,,100,1000,127.7,227.5,0,0,NA
D02SCBI,1,70,80,N/A,SK,,100,1000,183.4,0,0,0,NA
D02SCBI,1,80,90,N/A,SK,,100,1000,38.4,0,0,0,NA
D02SCBI,1,90,100,N/A,SK,,100,1000,55.2,0,0,0,NA
>>>>>>> origin/master
D02SCBI,1,100,120,long axis parallel,SK,,100,2000,289.4,0,0,0,NA
D02SCBI,1,120,140,long axis parallel,SK,,100,2000,641.3,2783.9,0,0,NA
D02SCBI,1,140,160,long axis parallel,SK,,100,2000,511.4,229.5,0,0,NA
D02SCBI,1,160,180,long axis parallel,SK,,100,2000,221.2,0,0,0,NA
D02SCBI,1,180,200,long axis parallel,SK,,100,2000,1.7,0,0,0,NA
<<<<<<< HEAD
D02SCBI,2,0,10,parallel,BDC,31,20.26829916,628.3172741,532.5,2536.4,0,0,NA
D02SCBI,2,10,20,parallel,BDC,30,20.26829916,608.0489749,295.3,842.8,0,0,NA
D02SCBI,2,20,30,parallel,BDC,30,20.26829916,608.0489749,143.2,386.6,0,0,NA
D02SCBI,2,30,40,parallel,BDC,18,20.26829916,364.829385,81.3,65.9,0,0,NA
D02SCBI,2,40,50,NA,SK,,100,1000,108.4,56.1,0,0,NA
D02SCBI,2,50,60,NA,SK,,100,1000,148.1,42,0,0,NA
D02SCBI,2,60,70,NA,SK,,100,1000,27.1,0,0,0,NA
D02SCBI,2,70,80,NA,SK,,100,1000,63.8,0,0,0,NA
D02SCBI,2,80,90,NA,SK,,100,1000,27.6,0,0,0,NA
D02SCBI,2,90,100,NA,SK,,100,1000,3.3,0,0,0,NA
=======
D02SCBI,2,0,10,parallel,BDC,,20.26829916,628.3172741,532.5,2536.4,0,0,NA
D02SCBI,2,10,20,parallel,BDC,,20.26829916,608.0489749,295.3,842.8,0,0,NA
D02SCBI,2,20,30,parallel,BDC,,20.26829916,608.0489749,143.2,386.6,0,0,NA
D02SCBI,2,30,40,parallel,BDC,,20.26829916,364.829385,81.3,65.9,0,0,NA
D02SCBI,2,40,50,N/A,SK,,100,1000,108.4,56.1,0,0,NA
D02SCBI,2,50,60,N/A,SK,,100,1000,148.1,42,0,0,NA
D02SCBI,2,60,70,N/A,SK,,100,1000,27.1,0,0,0,NA
D02SCBI,2,70,80,N/A,SK,,100,1000,63.8,0,0,0,NA
D02SCBI,2,80,90,N/A,SK,,100,1000,27.6,0,0,0,NA
D02SCBI,2,90,100,N/A,SK,,100,1000,3.3,0,0,0,NA
>>>>>>> origin/master
D02SCBI,2,100,120,long axis parallel,SK,,100,2000,232.5,104.6,0,0,NA
D02SCBI,2,120,140,long axis parallel,SK,,100,2000,782.2,1579.7,0,0,NA
D02SCBI,2,140,160,long axis parallel,SK,,100,2000,1045,5338.7,0,0,NA
D02SCBI,2,160,180,long axis parallel,SK,,100,2000,137.3,0,0,0,NA
D02SCBI,2,180,200,long axis parallel,SK,,100,2000,42.2,0,0,0,NA
<<<<<<< HEAD
D02SCBI,3,0,10,parallel,BDC,30,20.26829916,608.0489749,438,4287.3,0,0,NA
D02SCBI,3,10,20,parallel,BDC,27,20.26829916,547.2440774,131.1,1117.8,0,0,NA
D02SCBI,3,20,30,NA,SK,,100,1000,220.3,692.6,0,0,NA
D02SCBI,3,30,40,NA,SK,,100,1000,140.5,130.2,0,0,NA
D02SCBI,3,40,50,NA,SK,,100,1000,221.1,445.6,0,0,NA
D02SCBI,3,50,60,NA,SK,,100,1000,174.7,180.4,0,0,NA
D02SCBI,3,60,70,NA,SK,,100,1000,62.7,49.3,0,0,NA
D02SCBI,3,70,80,NA,SK,,100,1000,32.4,0,0,0,NA
D02SCBI,3,80,90,NA,SK,,100,1000,56.5,0,0,0,NA
D02SCBI,3,90,100,NA,SK,,100,1000,9.6,0,0,0,NA
=======
D02SCBI,3,0,10,parallel,BDC,,20.26829916,608.0489749,438,4287.3,0,0,NA
D02SCBI,3,10,20,parallel,BDC,,20.26829916,547.2440774,131.1,1117.8,0,0,NA
D02SCBI,3,20,30,N/A,SK,,100,1000,220.3,692.6,0,0,NA
D02SCBI,3,30,40,N/A,SK,,100,1000,140.5,130.2,0,0,NA
D02SCBI,3,40,50,N/A,SK,,100,1000,221.1,445.6,0,0,NA
D02SCBI,3,50,60,N/A,SK,,100,1000,174.7,180.4,0,0,NA
D02SCBI,3,60,70,N/A,SK,,100,1000,62.7,49.3,0,0,NA
D02SCBI,3,70,80,N/A,SK,,100,1000,32.4,0,0,0,NA
D02SCBI,3,80,90,N/A,SK,,100,1000,56.5,0,0,0,NA
D02SCBI,3,90,100,N/A,SK,,100,1000,9.6,0,0,0,NA
>>>>>>> origin/master
D02SCBI,3,100,120,long axis parallel,SK,,100,2000,373.3,354.5,0,0,NA
D02SCBI,3,120,140,long axis parallel,SK,,100,2000,553.8,897,0,0,mislabeled as 2-120  
D02SCBI,3,140,160,long axis parallel,SK,,100,2000,617.5,1552,0,0,NA
D02SCBI,3,160,180,long axis parallel,SK,,100,2000,416.8,79.9,0,0,NA
D02SCBI,3,180,200,long axis parallel,SK,,100,2000,134.6,0,0,0,NA
D02SERC,1,0,10,NA,SK,,100,1000,1147.2,454.9,236.2,197.1,NA
D02SERC,1,10,20,NA,SK,,100,1000,1636,3836.5,60.5,262.8,NA
D02SERC,1,20,30,NA,SK,,100,1000,327.2,0,55.5,0,NA
D02SERC,1,30,40,NA,SK,,100,1000,380.5,1402.9,73,0,NA
D02SERC,1,40,50,NA,SK,,100,1000,207.2,1166.4,45,0,NA
D02SERC,1,50,60,NA,SK,,100,1000,13.2,0,12.4,0,NA
D02SERC,1,60,70,NA,SK,,100,1000,123.2,2080.2,6.7,0,NA
D02SERC,1,70,80,NA,SK,,100,1000,29,0,7,0,NA
D02SERC,1,80,90,NA,SK,,100,1000,71.2,0,60.6,0,NA
D02SERC,1,90,100,NA,SK,,100,1000,13.1,0,21.9,0,NA
D02SERC,1,100,120,long axis parallel,SK,,100,2000,18.4,0,0,0,NA
D02SERC,1,120,140,long axis parallel,SK,,100,2000,63.8,0,23.9,0,NA
D02SERC,1,140,160,long axis parallel,SK,,100,2000,53.1,0,4.5,0,NA
D02SERC,1,160,180,long axis parallel,SK,,100,2000,59.7,0,0,0,NA
D02SERC,2,0,10,NA,SK,,100,1000,2387,3534.4,119,0,NA
D02SERC,2,10,20,NA,SK,,100,1000,1222.4,997.9,47.2,0,NA
D02SERC,2,20,30,NA,SK,,110,1100,227.9,0,27.9,0,NA
D02SERC,2,30,40,NA,SK,,100,1000,466,1530.8,149.5,0,NA
D02SERC,2,40,50,NA,SK,,100,1000,265.5,0,192.5,0,NA
D02SERC,2,50,60,NA,SK,,100,1000,76.7,0,98.3,0,NA
D02SERC,2,60,70,NA,SK,,100,1000,59.5,0,11.6,0,NA
D02SERC,2,70,80,NA,SK,,100,1000,38.7,0,28,868.6,NA
D02SERC,2,80,90,NA,SK,,100,1000,16.9,0,42.8,0,NA
D02SERC,2,90,100,NA,SK,,100,1000,313.4,0,42.3,0,NA
D02SERC,2,100,120,long axis parallel,SK,,100,2000,141.3,0,32.5,0,NA
D02SERC,2,120,140,long axis parallel,SK,,100,2000,58.1,0,0,0,NA
D02SERC,2,140,160,long axis parallel,SK,,100,2000,174.9,0,6.9,0,NA
<<<<<<< HEAD
D02SERC,2,160,180,long axis parallel,SK,,100,1000,101.3,0,0,0,Volume recorded as 10 cm by 10 by 10; changed from 2000 to 1000
D02SERC,3,0,10,NA,SK,,100,1000,1737.7,107.7,1071,0,NA
D02SERC,3,10,20,NA,SK,,100,1000,1483.6,2491.4,69.2,0,NA
D02SERC,3,20,30,NA,SK,,132,1320,1627,1069.1,71.3,569.3,NA
D02SERC,3,30,40,NA,SK,,100,1000,143.7,585.8,125.2,0,NA
D02SERC,3,40,50,NA,SK,,100,1000,58.4,0,61.5,0,NA
D02SERC,3,50,60,NA,SK,,100,1000,50.7,0,29.7,0,NA
D02SERC,3,60,70,NA,SK,,100,1000,146.6,0,109.9,0,NA
D02SERC,3,70,80,NA,SK,,120,1200,308.1,0,0,0,NA
D02SERC,3,80,90,NA,SK,,100,1000,267.2,0,0,0,NA
D02SERC,3,90,100,NA,SK,,100,1000,113.3,0,0,0,NA
D02SERC,3,100,120,long axis parallel,SK,,100,2000,214.9,0,0,0,NA
D02SERC,3,120,140,long axis parallel,SK,,100,2000,145.9,0,30.2,0,NA
D02SERC,3,140,160,long axis parallel,SK,,100,2000,22.3,0,7.3,0,NA
D02SERC,3,160,180,long axis parallel,SK,,100,1000,61.2,0,8,0,Volume recorded as 10 cm by 10 by 10; changed from 2000 to 1000
D03DSNY,1,0,10,parallel,BDC,28.5,20.26829916,577.6465262,932.1,0,0,0,NA
D03DSNY,1,10,20,parallel,BDC,31.5,20.26829916,638.4514237,698.2,0,0,0,NA
D03DSNY,1,20,30,parallel,BDC,30,20.26829916,608.0489749,563.3,0,0,0,NA
D03DSNY,1,30,40,parallel,BDC,30,20.26829916,608.0489749,466.1,0,0,0,NA
D03DSNY,1,40,50,NA,SK,,100,1000,566,0,0,0,NA
D03DSNY,1,50,60,NA,SK,,100,1000,330.3,0,0,0,NA
D03DSNY,1,60,70,NA,SK,,100,1000,121.7,0,0,0,some iron casings left on root - removed best as possible prior to weighing
D03DSNY,1,70,80,NA,SK,,130,1300,50.9,0,0,0,NA
D03DSNY,1,80,90,NA,SK,,100,1000,67.2,0,0,0,some iron casing left on roots after sieving -- removed best as possible prior to weighing
D03DSNY,1,90,100,NA,SK,,100,1000,105.3,0,0,0,NA
D03DSNY,1,100,120,long axis parallel ,SK,,130,2600,108.2,0,0,0,NA
D03DSNY,2,0,10,parallel,BDC,29,20.26829916,587.7806758,1124.8,0,0,0,NA
D03DSNY,2,10,20,parallel,BDC,30,20.26829916,608.0489749,555,0,0,0,NA
D03DSNY,2,20,30,parallel,BDC,30,20.26829916,608.0489749,248.8,0,0,0,NA
D03DSNY,2,30,40,parallel,BDC,30,20.26829916,608.0489749,568.9,0,0,0,some iron casings left on root - removed best as possible prior to weighing
D03DSNY,2,40,50,NA,SK,,100,1000,279,0,0,0,NA
D03DSNY,2,50,60,NA,SK,,100,1000,61.9,0,0,0,NA
D03DSNY,2,60,70,NA,SK,,110,1100,27.1,0,0,0,NA
D03DSNY,2,70,80,NA,SK,,100,1000,55,0,0,0,NA
D03DSNY,2,80,90,NA,SK,,130,1300,11.7,0,0,0,NA
D03DSNY,2,90,100,NA,SK,,100,1000,7.7,0,0,0,NA
D03DSNY,2,100,120,long axis parallel ,SK,,100,2000,50.7,0,0,0,NA
D03DSNY,3,0,10,parallel,BDC,29,20.26829916,587.7806758,1979.7,0,0,0,NA
D03DSNY,3,10,20,parallel,BDC,28,20.26829916,567.5123766,434.2,0,0,0,NA
D03DSNY,3,20,30,parallel,BDC,30,20.26829916,608.0489749,505.4,0,0,0,some iron casings left on root - removed best as possible prior to weighing
D03DSNY,3,30,40,parallel,BDC,30,20.26829916,608.0489749,391.3,0,0,0,NA
D03DSNY,3,40,50,NA,SK,,132,1452,418.9,0,0,0,NA
D03DSNY,3,50,60,NA,SK,,100,1000,101,0,0,0,NA
D03DSNY,3,60,70,NA,SK,,100,1000,56.8,0,0,0,should have been 60-70cm depth but actually 65-75 cm depth
D03DSNY,3,70,80,NA,SK,,100,1000,233.1,0,0,0,NA
D03DSNY,3,80,90,NA,SK,,100,1000,35,0,0,0,NA
D03DSNY,3,90,100,NA,SK,,100,1000,38.2,0,0,0,NA
=======
D02SERC,2,160,180,long axis parallel,SK,,100,2000,101.3,0,0,0,NA
D02SERC,3,0,10,N/A,SK,,100,1000,1737.7,107.7,1071,0,NA
D02SERC,3,10,20,N/A,SK,,100,1000,1483.6,2491.4,69.2,0,NA
D02SERC,3,20,30,N/A,SK,,132,1320,1627,1069.1,71.3,569.3,NA
D02SERC,3,30,40,N/A,SK,,100,1000,143.7,585.8,125.2,0,NA
D02SERC,3,40,50,N/A,SK,,100,1000,58.4,0,61.5,0,NA
D02SERC,3,50,60,N/A,SK,,100,1000,50.7,0,29.7,0,NA
D02SERC,3,60,70,N/A,SK,,100,1000,146.6,0,109.9,0,NA
D02SERC,3,70,80,N/A,SK,,120,1200,308.1,0,0,0,NA
D02SERC,3,80,90,N/A,SK,,100,1000,267.2,0,0,0,NA
D02SERC,3,90,100,N/A,SK,,100,1000,113.3,0,0,0,NA
D02SERC,3,100,120,long axis parallel,SK,,100,2000,214.9,0,0,0,NA
D02SERC,3,120,140,long axis parallel,SK,,100,2000,145.9,0,30.2,0,NA
D02SERC,3,140,160,long axis parallel,SK,,100,2000,22.3,0,7.3,0,NA
D02SERC,3,160,180,long axis parallel,SK,,100,2000,61.2,0,8,0,NA
D03DSNY,1,0,10,parallel,BDC,,20.26829916,577.6465262,932.1,0,0,0,NA
D03DSNY,1,10,20,parallel,BDC,,20.26829916,638.4514237,698.2,0,0,0,NA
D03DSNY,1,20,30,parallel,BDC,,20.26829916,608.0489749,563.3,0,0,0,NA
D03DSNY,1,30,40,parallel,BDC,,20.26829916,608.0489749,466.1,0,0,0,NA
D03DSNY,1,40,50,N_A,SK,,100,1000,566,0,0,0,NA
D03DSNY,1,50,60,N_A,SK,,100,1000,330.3,0,0,0,NA
D03DSNY,1,60,70,N_A,SK,,100,1000,121.7,0,0,0,some iron casings left on root - removed best as possible prior to weighing
D03DSNY,1,70,80,N_A,SK,,130,1300,50.9,0,0,0,NA
D03DSNY,1,80,90,N_A,SK,,100,1000,67.2,0,0,0,some iron casing left on roots after sieving -- removed best as possible prior to weighing
D03DSNY,1,90,100,N_A,SK,,100,1000,105.3,0,0,0,NA
D03DSNY,1,100,120,long axis parallel ,SK,,130,2600,108.2,0,0,0,NA
D03DSNY,2,0,10,parallel,BDC,,20.26829916,587.7806758,1124.8,0,0,0,NA
D03DSNY,2,10,20,parallel,BDC,,20.26829916,608.0489749,555,0,0,0,NA
D03DSNY,2,20,30,parallel,BDC,,20.26829916,608.0489749,248.8,0,0,0,NA
D03DSNY,2,30,40,parallel,BDC,,20.26829916,608.0489749,568.9,0,0,0,some iron casings left on root - removed best as possible prior to weighing
D03DSNY,2,40,50,N_A,SK,,100,1000,279,0,0,0,NA
D03DSNY,2,50,60,N_A,SK,,100,1000,61.9,0,0,0,NA
D03DSNY,2,60,70,N_A,SK,,110,1100,27.1,0,0,0,NA
D03DSNY,2,70,80,N_A,SK,,100,1000,55,0,0,0,NA
D03DSNY,2,80,90,N_A,SK,,130,1300,11.7,0,0,0,NA
D03DSNY,2,90,100,N_A,SK,,100,1000,7.7,0,0,0,NA
D03DSNY,2,100,120,long axis parallel ,SK,,100,2000,50.7,0,0,0,NA
D03DSNY,3,0,10,parallel,BDC,,20.26829916,587.7806758,1979.7,0,0,0,NA
D03DSNY,3,10,20,parallel,BDC,,20.26829916,567.5123766,434.2,0,0,0,NA
D03DSNY,3,20,30,parallel,BDC,,20.26829916,608.0489749,505.4,0,0,0,some iron casings left on root - removed best as possible prior to weighing
D03DSNY,3,30,40,parallel,BDC,,20.26829916,608.0489749,391.3,0,0,0,NA
D03DSNY,3,40,50,N_A,SK,,132,1452,418.9,0,0,0,NA
D03DSNY,3,50,60,N_A,SK,,100,1000,101,0,0,0,NA
D03DSNY,3,60,70,N_A,SK,,100,1000,56.8,0,0,0,should have been 60-70cm depth but actually 65-75 cm depth
D03DSNY,3,70,80,N_A,SK,,100,1000,233.1,0,0,0,NA
D03DSNY,3,80,90,N_A,SK,,100,1000,35,0,0,0,NA
D03DSNY,3,90,100,N_A,SK,,100,1000,38.2,0,0,0,NA
>>>>>>> origin/master
D03DSNY,3,100,120,long axis parallel ,SK,,100,2000,56.7,0,0,0,NA
D03JERC,1,0,10,parallel,BDC,,20.26829916,614.1294647,981,0,0,0,NA
D03JERC,1,10,20,parallel,BDC,,20.26829916,648.5855732,226.1,0,0,0,NA
D03JERC,1,20,30,parallel,BDC,,20.26829916,628.3172741,265.6,0,0,0,NA
D03JERC,1,30,40,parallel,BDC,,20.26829916,608.0489749,128.5,0,0,0,NA
D03JERC,1,40,50,parallel,BDC,,20.26829916,608.0489749,92,0,0,0,NA
D03JERC,1,50,60,parallel,BDC,,20.26829916,608.0489749,126.4,297.9,0,0,NA
D03JERC,1,60,70,parallel,BDC,,20.26829916,608.0489749,44.7,428.1,0,0,NA
D03JERC,1,70,80,parallel,BDC,,20.26829916,628.3172741,51.1,0,0,0,NA
D03JERC,1,80,90,parallel,BDC,,20.26829916,608.0489749,54.2,0,0,0,NA
D03JERC,1,90,100,parallel,BDC,,20.26829916,608.0489749,9.7,81.4,0,0,NA
D03JERC,1,100,120,long axis parallel ,SK,,100,2000,93.9,520.3,0,0,NA
D03JERC,1,120,140,long axis parallel ,SK,,100,2000,82.8,108.4,0,0,NA
D03JERC,1,140,160,long axis parallel ,SK,,100,2000,151.5,626.2,0,0,NA
D03JERC,1,160,180,long axis parallel ,SK,,100,2000,540,0,0,0,NA
D03JERC,2,0,10,parallel,BDC,,20.26829916,608.0489749,677.2,113.4,0,0,NA
D03JERC,2,10,20,parallel,BDC,,20.26829916,618.1831245,676.4,64.8,0,0,NA
D03JERC,2,20,30,parallel,BDC,,20.26829916,608.0489749,187,366.5,0,0,NA
D03JERC,2,30,40,parallel,BDC,,20.26829916,638.4514237,154.2,232,0,0,NA
D03JERC,2,40,50,parallel,BDC,,20.26829916,597.9148253,182.9,0,0,0,NA
D03JERC,2,50,60,parallel,BDC,,20.26829916,601.9684852,144,0,0,0,NA
D03JERC,2,60,70,parallel,BDC,,20.26829916,597.9148253,77.7,432.1,0,0,NA
D03JERC,2,70,80,parallel,BDC,,20.26829916,597.9148253,21.1,0,0,0,NA
D03JERC,2,80,90,parallel,BDC,,20.26829916,608.0489749,145.8,344.3,0,0,NA
D03JERC,2,90,100,parallel,BDC,,20.26829916,608.0489749,139.8,95,0,0,NA
D03JERC,2,100,120,long axis parallel ,SK,,100,2000,367.1,0,0,0,NA
D03JERC,2,120,140,long axis parallel ,SK,,100,2000,436.3,420.7,0,0,NA
D03JERC,2,140,160,long axis parallel ,SK,,100,2000,134.8,1269.9,0,0,NA
D03JERC,2,160,180,long axis parallel ,SK,,100,2000,91.2,279.8,0,0,NA
D03JERC,3,0,10,parallel,BDC,,20.26829916,608.0489749,470.3,0,0,0,NA
D03JERC,3,10,20,parallel,BDC,,20.26829916,618.1831245,295.1,0,0,0,NA
D03JERC,3,20,30,parallel,BDC,,20.26829916,622.2367843,116.6,0,0,0,NA
D03JERC,3,30,40,parallel,BDC,,20.26829916,628.3172741,205.4,0,0,0,NA
D03JERC,3,40,50,parallel,BDC,,20.26829916,618.1831245,175.7,0,0,0,NA
D03JERC,3,50,60,parallel,BDC,,20.26829916,506.7074791,117.3,0,0,0,NA
D03JERC,3,60,70,parallel,BDC,,20.26829916,628.3172741,264.9,860,0,0,NA
D03JERC,3,70,80,parallel,BDC,,20.26829916,628.3172741,44.5,0,0,0,NA
D03JERC,3,80,90,parallel,BDC,,20.26829916,608.0489749,33.1,0,0,0,NA
D03JERC,3,90,100,parallel,BDC,,20.26829916,608.0489749,28.4,0,0,0,NA
D03JERC,3,100,120,long axis parallel ,SK,,100,2000,113,565.1,0,0,NA
D03JERC,3,120,140,long axis parallel ,SK,,100,2000,266.2,0,0,0,NA
D03JERC,3,140,160,long axis parallel ,SK,,100,2000,511.3,287.9,0,0,NA
D03JERC,3,160,180,long axis parallel ,SK,,100,2000,143.7,0,0,0,NA
D03OSBS,1,0,10,normal,BDC,,20.26829916,608.0489749,706.7,0,0,0,NA
D03OSBS,1,10,20,normal,BDC,,20.26829916,608.0489749,404.4,0,0,0,NA
D03OSBS,1,20,30,normal,BDC,,20.26829916,608.0489749,756.5,0,0,0,NA
D03OSBS,1,30,40,normal,BDC,,20.26829916,608.0489749,144.7,0,0,0,NA
D03OSBS,1,40,50,normal,BDC,,20.26829916,608.0489749,98.7,0,0,0,NA
D03OSBS,1,50,60,normal,BDC,,20.26829916,608.0489749,156,0,0,0,NA
D03OSBS,1,60,70,normal,BDC,,20.26829916,608.0489749,15.1,0,0,0,NA
D03OSBS,1,70,80,normal,BDC,,20.26829916,608.0489749,87.9,0,0,0,NA
D03OSBS,1,80,90,normal,BDC,,20.26829916,608.0489749,39.4,0,0,0,NA
D03OSBS,1,90,100,normal,BDC,,20.26829916,608.0489749,22.8,0,0,0,NA
D03OSBS,1,100,110,normal,BDC,,20.26829916,608.0489749,4.8,0,0,0,NA
D03OSBS,1,110,120,normal,BDC,,20.26829916,608.0489749,145,0,0,0,NA
D03OSBS,1,120,130,normal,BDC,,20.26829916,608.0489749,37.4,0,0,0,NA
D03OSBS,1,130,140,normal,BDC,,20.26829916,608.0489749,13.9,0,0,0,NA
D03OSBS,1,140,150,normal,BDC,,20.26829916,608.0489749,13,0,0,0,NA
D03OSBS,1,150,160,normal,BDC,,20.26829916,608.0489749,4,0,0,0,NA
D03OSBS,1,160,170,normal,BDC,,20.26829916,608.0489749,19.2,0,0,0,NA
D03OSBS,2,0,10,normal,BDC,,20.26829916,608.0489749,2471.6,0,0,0,NA
D03OSBS,2,10,20,normal,BDC,,20.26829916,608.0489749,1086.4,0,0,0,NA
D03OSBS,2,20,30,normal,BDC,,20.26829916,608.0489749,1787.4,0,0,0,NA
D03OSBS,2,30,40,normal,BDC,,20.26829916,608.0489749,891.5,0,0,0,NA
D03OSBS,2,40,50,normal,BDC,,20.26829916,608.0489749,255.4,0,0,0,NA
D03OSBS,2,50,60,normal,BDC,,20.26829916,608.0489749,148,0,0,0,NA
D03OSBS,2,60,70,normal,BDC,,20.26829916,608.0489749,166.3,0,0,0,NA
D03OSBS,2,70,80,normal,BDC,,20.26829916,608.0489749,50.8,0,0,0,NA
D03OSBS,2,80,90,normal,BDC,,20.26829916,608.0489749,10.8,0,0,0,NA
D03OSBS,2,90,100,normal,BDC,,20.26829916,608.0489749,37.6,0,0,0,NA
D03OSBS,2,100,110,normal,BDC,,20.26829916,608.0489749,6,0,0,0,NA
D03OSBS,2,110,120,normal,BDC,,20.26829916,608.0489749,50.4,0,0,0,NA
D03OSBS,2,120,130,normal,BDC,,20.26829916,608.0489749,3.1,0,0,0,NA
D03OSBS,2,130,140,normal,BDC,,20.26829916,608.0489749,26.7,0,0,0,NA
D03OSBS,2,140,150,normal,BDC,,20.26829916,608.0489749,5.6,0,0,0,NA
D03OSBS,2,150,160,normal,BDC,,20.26829916,608.0489749,3.7,0,0,0,NA
D03OSBS,2,160,170,normal,BDC,,20.26829916,608.0489749,1.7,0,0,0,NA
D03OSBS,3,0,10,normal,BDC,,20.26829916,608.0489749,52.3,0,0,0,NA
D03OSBS,3,10,20,normal,BDC,,20.26829916,608.0489749,308.3,0,0,0,NA
D03OSBS,3,20,30,normal,BDC,,20.26829916,608.0489749,385.9,0,0,0,NA
D03OSBS,3,30,40,normal,BDC,,20.26829916,608.0489749,254.7,0,0,0,NA
D03OSBS,3,40,50,normal,BDC,,20.26829916,608.0489749,34,0,0,0,NA
D03OSBS,3,50,60,normal,BDC,,20.26829916,608.0489749,94.8,0,0,0,NA
D03OSBS,3,60,70,normal,BDC,,20.26829916,608.0489749,154.1,0,0,0,NA
D03OSBS,3,70,80,normal,BDC,,20.26829916,608.0489749,87.9,0,0,0,NA
D03OSBS,3,80,90,normal,BDC,,20.26829916,608.0489749,40.9,0,0,0,NA
D03OSBS,3,90,100,normal,BDC,,20.26829916,608.0489749,25.9,0,0,0,NA
D03OSBS,3,100,110,normal,BDC,,20.26829916,608.0489749,29.5,0,0,0,NA
D03OSBS,3,110,120,normal,BDC,,20.26829916,608.0489749,85,0,0,0,NA
D03OSBS,3,120,130,normal,BDC,,20.26829916,608.0489749,2.8,0,0,0,NA
D03OSBS,3,130,140,normal,BDC,,20.26829916,608.0489749,76,0,0,0,NA
D03OSBS,3,140,150,normal,BDC,,20.26829916,608.0489749,7.6,0,0,0,NA
D03OSBS,3,150,160,normal,BDC,,20.26829916,608.0489749,3.6,0,0,0,NA
D03OSBS,3,160,170,normal,BDC,,20.26829916,608.0489749,7.1,0,0,0,NA
D04GUAN,1,0,10,normal,SK,,100,1000,2588.6,5018.5,113.8,0,NA
D04GUAN,1,10,20,normal,SK,,100,1000,3619.9,2605.9,75.1,0,NA
D04GUAN,1,20,30,normal,SK,,100,1000,1591.1,0,98.5,0,NA
D04GUAN,1,30,40,normal,SK,,100,1000,821.8,799.6,70.3,0,NA
D04GUAN,1,40,50,normal,SK,,100,1000,853.9,1297.9,0,0,NA
D04GUAN,1,50,60,normal,SK,,100,1000,1165,2264,180.9,0,NA
D04GUAN,1,60,70,normal,SK,,100,1000,312.2,16991.8,156.9,0,NA
D04GUAN,1,70,80,normal,SK,,100,1000,797.1,0,0,0,NA
D04GUAN,1,80,90,normal,SK,,100,1000,362.5,0,0,0,NA
D04GUAN,1,90,100,normal,SK,,200,2000,372.9,0,0,0,NA
D04GUAN,1,100,120,long axis parallel ,SK,,200,2000,325.5,0,0,0,NA
D04GUAN,1,120,140,long axis parallel ,SK,,200,2000,35.6,0,0,0,NA
D04GUAN,1,140,160,long axis parallel ,SK,,200,2000,23.8,0,0,0,NA
D04GUAN,1,160,180,long axis parallel ,SK,,200,2000,143.1,0,0,0,NA
D04GUAN,1,180,200,long axis parallel ,SK,,200,2000,19.8,0,0,0,NA
D04GUAN,2,0,10,normal,SK,,100,1000,2449.9,1329,306.2,0,NA
D04GUAN,2,10,20,normal,SK,,100,1000,3416.8,2322.9,27.6,0,NA
D04GUAN,2,20,30,normal,SK,,100,1000,1844.1,179.1,12.3,0,NA
D04GUAN,2,30,40,normal,SK,,90,900,1554,4554.4,103.6,0,NA
D04GUAN,2,40,50,normal,SK,,90,900,2094.4,1115.2,41,0,NA
D04GUAN,2,50,60,normal,SK,,100,1000,655.1,3224.7,0,0,NA
D04GUAN,2,60,70,normal,SK,,100,1000,1679.1,36369,103.4,0,NA
D04GUAN,2,70,80,normal,SK,,100,1000,1349.3,0,0,0,NA
D04GUAN,2,80,90,normal,SK,,100,1000,1185.5,0,102.6,0,NA
D04GUAN,2,90,100,normal,SK,,200,2000,141.9,0,60.2,0,NA
D04GUAN,2,100,120,long axis parallel ,SK,,200,2000,115.4,0,0,0,NA
D04GUAN,2,120,140,long axis parallel ,SK,,200,2000,411.8,0,0,0,NA
D04GUAN,2,140,160,long axis parallel ,SK,,200,2000,19.6,0,0,0,NA
D04GUAN,2,160,180,long axis parallel ,SK,,200,2000,28.8,0,0,0,NA
D04GUAN,2,180,200,long axis parallel ,SK,,200,2000,75.2,0,0,0,NA
D04GUAN,3,0,10,normal,SK,,170,1700,6999.2,4191.2,108.1,0,NA
D04GUAN,3,10,20,normal,SK,,100,1000,2030.9,4279.6,115.1,1946.2,NA
D04GUAN,3,20,30,normal,SK,,100,1000,1634.4,4899.3,0,0,NA
D04GUAN,3,30,40,normal,SK,,100,1000,362.7,0,0,0,NA
D04GUAN,3,40,50,normal,SK,,100,1000,283.9,0,60.7,0,NA
D04GUAN,3,50,60,normal,SK,,100,1000,1148.6,1624,0,0,NA
D04GUAN,3,60,70,normal,SK,,100,1000,596,0,24.7,0,NA
D04GUAN,3,70,80,normal,SK,,100,1000,1209.5,0,0,0,NA
D04GUAN,3,80,90,normal,SK,,120,1200,270.7,0,0,0,NA
D04GUAN,3,90,100,normal,SK,,200,2000,179.2,0,0,0,NA
D04GUAN,3,100,120,long axis parallel ,SK,,200,2000,212.6,0,0,0,NA
D04GUAN,3,120,140,long axis parallel ,SK,,200,2000,82.4,0,0,0,NA
D04GUAN,3,140,160,long axis parallel ,SK,,200,2000,14.9,0,0,0,NA
D04GUAN,3,160,180,long axis parallel ,SK,,200,2000,21.8,0,0,0,NA
D04GUAN,3,180,200,long axis parallel ,SK,,200,2000,9.2,0,0,0,NA
D04LAJA,1,0,10,normal,SK,,100,1000,474.9,0,44.3,0,NA
D04LAJA,1,10,20,normal,SK,,100,1000,341.2,0,16.3,0,NA
D04LAJA,1,20,30,normal,SK,,100,1000,294.5,0,13.6,0,NA
D04LAJA,1,30,40,normal,SK,,100,1000,171.5,0,26.9,0,NA
D04LAJA,1,40,50,normal,SK,,100,1000,108,0,26.9,0,NA
D04LAJA,1,50,60,normal,SK,,110,1100,49.9,0,2.7,0,NA
D04LAJA,1,60,70,normal,SK,,100,1000,89.3,0,19.6,0,NA
D04LAJA,1,70,80,normal,SK,,100,1000,73.1,0,9.3,0,NA
D04LAJA,1,80,90,normal,SK,,100,1000,25.9,0,9.7,0,NA
D04LAJA,1,90,100,normal,SK,,100,1000,32.4,0,2.6,0,NA
D04LAJA,1,100,120,long axis parallel,SK,,100,2000,87.9,0,5,0,NA
D04LAJA,1,120,140,long axis parallel,SK,,100,2000,346.6,0,17.8,0,NA
D04LAJA,1,140,160,long axis parallel,SK,,100,2000,413.1,0,15.7,0,NA
D04LAJA,1,160,180,long axis parallel,SK,,100,2000,592.7,0,12.5,0,NA
D04LAJA,2,0,10,normal,SK,,100,1000,1292.1,0,306.9,0,NA
D04LAJA,2,10,20,normal,SK,,100,1000,689,0,157.5,0,NA
D04LAJA,2,20,30,normal,SK,,100,1000,236.1,0,41.8,0,NA
D04LAJA,2,30,40,normal,SK,,100,1000,144.1,0,103.2,0,NA
D04LAJA,2,40,50,normal,SK,,100,1000,58.3,0,29.3,0,NA
D04LAJA,2,50,60,normal,SK,,100,1000,128.8,0,70.8,0,NA
D04LAJA,2,60,70,normal,SK,,100,1000,84.4,0,15.3,0,NA
D04LAJA,2,70,80,normal,SK,,100,1000,107.3,0,20.5,0,NA
D04LAJA,2,80,90,normal,SK,,100,1000,203.1,0,39,0,NA
D04LAJA,2,90,100,normal,SK,,100,1000,151.8,0,16.1,0,NA
D04LAJA,2,100,120,long axis parallel,SK,,100,2000,377.2,0,50.8,0,NA
D04LAJA,2,120,140,long axis parallel,SK,,100,2000,582.8,0,55.9,0,NA
D04LAJA,2,140,160,long axis parallel,SK,,100,2000,590.8,0,3.3,0,NA
D04LAJA,2,160,180,long axis parallel,SK,,100,2000,212,0,14.9,0,NA
D04LAJA,3,0,10,normal,SK,,100,1000,899.3,0,257.8,0,NA
D04LAJA,3,10,20,normal,SK,,100,1000,712.3,0,119,0,NA
D04LAJA,3,20,30,normal,SK,,100,1000,489,0,70.2,0,NA
D04LAJA,3,30,40,normal,SK,,110,1100,378.3,0,46.7,0,NA
D04LAJA,3,40,50,normal,SK,,100,1000,239,0,27.9,0,NA
D04LAJA,3,50,60,normal,SK,,100,1000,221,0,21.4,0,NA
D04LAJA,3,60,70,normal,SK,,100,1000,144.2,0,49.1,0,NA
D04LAJA,3,70,80,normal,SK,,100,1000,183.5,0,50.1,0,NA
D04LAJA,3,80,90,normal,SK,,100,1000,171.5,0,40.6,0,NA
D04LAJA,3,90,100,normal,SK,,100,1000,18.4,0,117.8,0,NA
D04LAJA,3,100,120,long axis parallel,SK,,100,1000,127.1,0,16,0,NA
D04LAJA,3,120,140,long axis parallel,SK,,100,2000,266.8,0,17.4,0,NA
D04LAJA,3,140,160,long axis parallel,SK,,100,2000,520.9,0,14.3,0,NA
D04LAJA,3,160,180,long axis parallel,SK,,100,2000,244.2,0,4.1,0,NA
D04MAME,1,0,10,normal,SK,,100,1000,5984.7,0,900.1,3859.5,NA
D04MAME,1,10,20,normal,SK,,100,1000,870.3,0,194.6,301.4,NA
D04MAME,1,20,30,normal,SK,,100,1000,531.6,0,0,0,NA
D04MAME,1,30,40,normal,SK,,100,1000,1140.5,0,2.7,0,NA
D04MAME,1,40,50,normal,SK,,100,1000,100.6,0,10.6,0,NA
D04MAME,1,50,60,normal,SK,,100,1000,405.8,0,0.1,0,NA
D04MAME,1,60,70,normal,SK,,100,1000,286.9,0,7.1,0,NA
D04MAME,1,70,80,normal,SK,,100,1000,358.6,976.3,0,0,NA
D04MAME,1,80,90,normal,SK,,100,1000,196.4,0,8.2,0,NA
D04MAME,1,90,100,normal,SK,,200,2000,569.5,0,9.5,0,NA
D04MAME,1,100,120,long axis parallel,SK,,200,2000,939,675.9,0,0,NA
D04MAME,1,120,140,long axis parallel,SK,,200,2000,798.3,0,0,1683.3,NA
D04MAME,1,140,160,long axis parallel,SK,,200,2000,98.4,0,56.3,0,NA
D04MAME,1,160,180,long axis parallel,SK,,140,1400,152.7,0,0,0,NA
D04MAME,2,0,10,normal,SK,,100,1000,512.2,0,131.5,51.62,NA
D04MAME,2,10,20,normal,SK,,100,1000,2187.6,0,110.7,0,NA
D04MAME,2,20,30,normal,SK,,100,1000,619.1,0,43.1,0,NA
D04MAME,2,30,40,normal,SK,,100,1000,896,0,303.9,0,NA
D04MAME,2,40,50,normal,SK,,120,1200,510.8,2364.5,40.1,0,NA
D04MAME,2,50,60,normal,SK,,100,1000,882.5,0,114.9,0,NA
D04MAME,2,60,70,normal,SK,,100,1000,31.4,0,11,0,NA
D04MAME,2,70,80,normal,SK,,100,1000,838.8,0,11.7,0,NA
D04MAME,2,80,90,normal,SK,,100,1000,137.6,0,17,0,NA
D04MAME,2,90,100,normal,SK,,200,2000,178.2,0,5.4,0,NA
D04MAME,2,100,120,long axis parallel,SK,,200,2000,177.2,233.8,1.8,0,NA
D04MAME,2,120,140,long axis parallel,SK,,200,2000,121.2,0,8.7,0,NA
D04MAME,2,140,160,long axis parallel,SK,,200,2000,410.6,252.4,60.4,0,NA
D04MAME,2,160,180,long axis parallel,SK,,180,1800,169.2,0,21.2,0,NA
D04MAME,3,0,10,normal,SK,,100,1000,4441.9,430.1,392.6,385.6,NA
D04MAME,3,10,20,normal,SK,,100,1000,1162.5,0,99.9,220.3,NA
D04MAME,3,20,30,normal,SK,,100,1000,245.3,1727.9,38.3,0,NA
D04MAME,3,30,40,normal,SK,,100,1000,565.9,0,58.3,0,NA
D04MAME,3,40,50,normal,SK,,100,1000,393.5,0,32.2,0,NA
D04MAME,3,50,60,normal,SK,,100,1000,1108,0,50.6,32,NA
D04MAME,3,60,70,normal,SK,,100,1000,583,0,58.6,0,NA
D04MAME,3,70,80,normal,SK,,100,1000,1112.7,0,4.3,0,NA
D04MAME,3,80,90,normal,SK,,100,1000,106.2,0,0,0,NA
D04MAME,3,90,100,normal,SK,,200,2000,515.8,0,987,0,NA
D04MAME,3,100,120,long axis parallel,SK,,200,2000,522.7,0,57.7,0,NA
D04MAME,3,120,140,long axis parallel,SK,,200,2000,1127.2,0,678.4,1451.2,NA
D04MAME,3,140,160,long axis parallel,SK,,200,2000,382,0,0,339,NA
D04MAME,3,160,180,long axis parallel,SK,,200,200,272.4,0,43.5,0,NA
D05STEI,1,0,10,normal,SK,,100,1000,2768,4094.1,140.2,646.5,NA
D05STEI,1,10,20,normal,SK,,100,1000,2251.5,0,0,0,NA
D05STEI,1,20,30,normal,SK,,100,1000,1417.4,845.8,0,0,NA
D05STEI,1,30,40,normal,SK,,100,1000,1449.8,1313.1,231.4,0,NA
D05STEI,1,40,50,normal,SK,,100,1000,1107,0,0,0,NA
D05STEI,1,50,60,normal,SK,,100,1000,228.1,0,0,0,NA
D05STEI,1,60,70,normal,SK,,100,1000,206,0,0,0,NA
D05STEI,1,70,80,normal,SK,,100,1000,135.4,0,0,0,NA
D05STEI,1,80,90,normal,SK,,100,1000,38,0,0,0,NA
D05STEI,1,90,100,normal,SK,,100,1000,2.6,0,0,0,NA
D05STEI,1,100,120,long axis parallel,SK,,200,2000,39.6,0,0,0,NA
D05STEI,1,120,140,long axis parallel,SK,,200,2000,19.7,0,0,0,NA
D05STEI,1,140,160,long axis parallel,SK,,200,2000,9.8,0,0,0,NA
D05STEI,1,160,180,long axis parallel,SK,,200,2000,1.5,0,0,0,NA
D05STEI,1,180,200,long axis parallel,SK,,200,2000,38.6,0,0,0,NA
D05STEI,2,0,10,normal,SK,,100,1000,2263.9,2706.3,840,138.2,NA
D05STEI,2,10,20,normal,SK,,100,1000,1028.9,272.1,137.9,0,NA
D05STEI,2,20,30,normal,SK,,100,1000,888.2,491.9,0,0,NA
D05STEI,2,30,40,normal,SK,,100,1000,509,207.3,0,0,NA
D05STEI,2,40,50,normal,SK,,100,1000,143.5,0,0,0,NA
D05STEI,2,50,60,normal,SK,,100,1000,138.6,0,0,0,NA
D05STEI,2,60,70,normal,SK,,100,1000,35.5,0,0,0,NA
D05STEI,2,70,80,normal,SK,,100,1000,5.9,0,0,0,NA
D05STEI,2,80,90,normal,SK,,100,1000,0.1,0,0,0,NA
D05STEI,2,90,100,normal,SK,,100,1000,5.4,0,0,0,NA
D05STEI,2,100,120,long axis parallel,SK,,200,2000,22.5,0,0,0,NA
D05STEI,2,120,140,long axis parallel,SK,,200,2000,0,0,0,0,NA
D05STEI,2,140,160,long axis parallel,SK,,200,2000,0.1,0,0,0,NA
D05STEI,2,160,180,long axis parallel,SK,,200,2000,1.3,0,0,0,NA
D05STEI,2,180,200,long axis parallel,SK,,200,2000,15.7,0,0,0,NA
D05STEI,3,0,10,normal,SK,,100,1000,2890.4,564.9,78.3,0,NA
D05STEI,3,10,20,normal,SK,,100,1000,2054,0,0,0,NA
D05STEI,3,20,30,normal,SK,,100,1000,651.8,0,0,0,NA
D05STEI,3,30,40,normal,SK,,100,1000,860.8,0,0,0,NA
D05STEI,3,40,50,normal,SK,,100,1000,392.6,0,0,0,NA
D05STEI,3,50,60,normal,SK,,100,1000,138.5,0,0,0,NA
D05STEI,3,60,70,normal,SK,,100,1000,40.6,0,0,0,NA
D05STEI,3,70,80,normal,SK,,100,1000,27.5,0,0,0,NA
D05STEI,3,80,90,normal,SK,,100,1000,3.3,0,0,0,NA
D05STEI,3,90,100,normal,SK,,100,1000,2,0,0,0,NA
D05STEI,3,100,120,long axis parallel,SK,,200,2000,261.1,0,0,0,NA
D05STEI,3,120,140,long axis parallel,SK,,200,2000,2.1,0,0,0,NA
D05STEI,3,140,160,long axis parallel,SK,,200,2000,270.8,0,0,0,NA
D05STEI,3,160,180,long axis parallel,SK,,200,2000,1,0,0,0,NA
D05STEI,3,180,200,long axis parallel,SK,,200,2000,12.5,0,0,0,NA
D05TREE,1,0,10,normal,SK,,100,1000,20223.3,119.2,119.2,0,NA
D05TREE,1,10,20,normal,SK,,100,1000,4331.1,50.3,50.3,0,NA
D05TREE,1,20,30,normal,SK,,100,1000,1785.6,539.3,539.3,0,NA
D05TREE,1,30,40,normal,SK,,100,1000,411.1,16.7,16.7,0,NA
D05TREE,1,40,50,normal,SK,,100,1000,82.5,22.8,22.8,0,NA
D05TREE,1,50,60,normal,SK,,100,1000,5.2,7,7,0,NA
D05TREE,1,60,70,normal,SK,,100,1000,131.9,0,0,0,NA
D05TREE,1,70,80,normal,SK,,100,1000,127,113,113,0,NA
D05TREE,1,80,90,normal,SK,,100,1000,54,0,0,0,NA
D05TREE,1,90,100,normal,SK,,100,1000,1.5,0,0,0,NA
D05TREE,1,100,120,long axis parallel,SK,,200,2000,1.5,0,0,0,NA
D05TREE,1,120,140,long axis parallel,SK,,200,2000,9.3,0,0,0,NA
D05TREE,1,140,160,long axis parallel,SK,,200,2000,2.2,0,0,0,NA
D05TREE,1,160,180,long axis parallel,SK,,200,2000,798.8,20.8,20.8,0,NA
D05TREE,1,180,200,long axis parallel,SK,,200,2000,2.9,0,0,0,NA
D05TREE,2,0,10,normal,SK,,100,1000,20703.3,755.6,755.6,0,NA
D05TREE,2,10,20,normal,SK,,100,1000,8440.1,93.8,93.8,0,NA
D05TREE,2,20,30,normal,SK,,100,1000,4657,231.8,231.8,0,NA
D05TREE,2,30,40,normal,SK,,100,1000,1907.3,244,244,0,NA
D05TREE,2,40,50,normal,SK,,100,1000,1501,48.1,48.1,0,NA
D05TREE,2,50,60,normal,SK,,100,1000,174.8,55.2,55.2,0,NA
D05TREE,2,60,70,normal,SK,,100,1000,584.3,97.6,97.6,0,NA
D05TREE,2,70,80,normal,SK,,100,1000,151.5,126.3,126.3,0,NA
D05TREE,2,80,90,normal,SK,,100,1000,4.1,5.7,5.7,0,NA
D05TREE,2,90,100,normal,SK,,100,1000,8.4,0,0,0,NA
D05TREE,2,100,120,long axis parallel,SK,,200,2000,3.2,0,0,0,NA
D05TREE,2,120,140,long axis parallel,SK,,200,2000,5.8,0,0,0,NA
D05TREE,2,140,160,long axis parallel,SK,,200,2000,0,0,0,0,NA
D05TREE,2,160,180,long axis parallel,SK,,200,2000,554,150.6,150.6,0,NA
D05TREE,2,180,200,long axis parallel,SK,,200,2000,44.8,0,0,0,NA
D05TREE,3,0,10,normal,SK,,100,1000,22995.2,893.8,893.8,0,NA
D05TREE,3,10,20,normal,SK,,100,1000,5971.6,2542,2542,0,NA
D05TREE,3,20,30,normal,SK,,100,1000,3398.8,328.5,328.5,0,NA
D05TREE,3,30,40,normal,SK,,100,1000,1676.6,94.2,94.2,0,NA
D05TREE,3,40,50,normal,SK,,100,1000,2016.4,167.7,167.7,0,NA
D05TREE,3,50,60,normal,SK,,100,1000,2198.3,145.3,145.3,0,NA
D05TREE,3,60,70,normal,SK,,100,1000,156.4,77.4,77.4,0,NA
D05TREE,3,70,80,normal,SK,,100,1000,41.9,40.2,40.2,0,NA
D05TREE,3,80,90,normal,SK,,100,1000,26.6,7.6,7.6,0,NA
D05TREE,3,90,100,normal,SK,,100,1000,27.8,0,0,0,NA
D05TREE,3,100,120,long axis parallel,SK,,200,2000,58.9,196.6,196.6,0,NA
D05TREE,3,120,140,long axis parallel,SK,,200,2000,4.8,114.1,114.1,0,NA
D05TREE,3,140,160,long axis parallel,SK,,200,2000,2.9,53.1,53.1,0,NA
D05TREE,3,160,180,long axis parallel,SK,,200,2000,360.3,165.7,165.7,0,NA
D05TREE,3,180,200,long axis parallel,SK,,200,2000,252.2,0,0,0,NA
<<<<<<< HEAD
D05UNDE,1,0,10,parallel,BDC,28.5,20.26829916,577.65,791.1,574.7,435.6,2030.6,NA
D05UNDE,1,10,20,parallel,BDC,32,20.26829916,648.59,391.8,500.3,298.3,0,NA
D05UNDE,1,20,30,parallel,BDC,28.5,20.26829916,577.65,114.5,208.9,105.2,0,NA
D05UNDE,1,30,40,NA,SK,,100,1000,408.8,0,73,0,NA
D05UNDE,1,40,50,NA,SK,,110,1100,61.9,2818.7,118.1,0,NA
D05UNDE,1,50,60,NA,SK,,100,1000,2.2,0,2.3,0,NA
D05UNDE,1,60,70,NA,SK,,80,800,8.5,0,1,0,the bar from the trench box was positioned directly in front of sample and prevented me from getting knife in deep enough to get the full 10cm
D05UNDE,1,70,80,NA,SK,,100,1000,34,0,2.1,0,NA
D05UNDE,1,80,90,NA,SK,,100,1000,4.7,0,4.1,0,NA
D05UNDE,1,90,100,NA,SK,,100,1000,25.2,0,3.1,0,NA
=======
D05UNDE,1,0,10,parallel,BDC,,20.26829916,577.65,791.1,574.7,435.6,2030.6,NA
D05UNDE,1,10,20,parallel,BDC,,20.26829916,648.59,391.8,500.3,298.3,0,NA
D05UNDE,1,20,30,parallel,BDC,,20.26829916,577.65,114.5,208.9,105.2,0,NA
D05UNDE,1,30,40,N_A,SK,,100,1000,408.8,0,73,0,NA
D05UNDE,1,40,50,N_A,SK,,110,1100,61.9,2818.7,118.1,0,NA
D05UNDE,1,50,60,N_A,SK,,100,1000,2.2,0,2.3,0,NA
D05UNDE,1,60,70,N_A,SK,,80,800,8.5,0,1,0,the bar from the trench box was positioned directly in front of sample and prevented me from getting knife in deep enough to get the full 10cm
D05UNDE,1,70,80,N_A,SK,,100,1000,34,0,2.1,0,NA
D05UNDE,1,80,90,N_A,SK,,100,1000,4.7,0,4.1,0,NA
D05UNDE,1,90,100,N_A,SK,,100,1000,25.2,0,3.1,0,NA
>>>>>>> origin/master
D05UNDE,1,100,120,long axis parallel ,SK,,100,2000,50.9,0,1.3,0,NA
D05UNDE,1,120,140,long axis parallel ,SK,,120,2400,179.6,0,0,0,NA
D05UNDE,1,140,160,long axis parallel ,SK,,100,2000,101,0,0,0,NA
D05UNDE,1,160,180,long axis parallel ,SK,,100,2000,1.1,0,0,0,NA
D05UNDE,1,180,200,long axis parallel ,SK,,100,2000,2.8,0,0,0,NA
<<<<<<< HEAD
D05UNDE,2,0,10,parallel,BDC,28,20.26829916,567.51,624.1,1487.9,166.7,0,NA
D05UNDE,2,10,20,parallel,BDC,29,20.26829916,587.78,275.9,152.1,368.6,0,NA
D05UNDE,2,20,30,parallel,BDC,29,20.26829916,587.78,121.1,0,51.7,0,NA
D05UNDE,2,30,40,NA,SK,,100,1000,132.8,0,37.9,0,NA
D05UNDE,2,40,50,NA,SK,,100,1000,1.1,0,10.7,0,NA
D05UNDE,2,50,60,NA,SK,,100,1000,60,0,19.9,0,NA
D05UNDE,2,60,70,NA,SK,,100,1000,13.8,0,6.6,0,NA
D05UNDE,2,70,80,NA,SK,,100,1000,2.8,0,6.4,0,NA
D05UNDE,2,80,90,NA,SK,,100,1000,89,0,1.5,0,NA
D05UNDE,2,90,100,NA,SK,,100,1000,65.7,0,10.4,0,NA
=======
D05UNDE,2,0,10,parallel,BDC,,20.26829916,567.51,624.1,1487.9,166.7,0,NA
D05UNDE,2,10,20,parallel,BDC,,20.26829916,587.78,275.9,152.1,368.6,0,NA
D05UNDE,2,20,30,parallel,BDC,,20.26829916,587.78,121.1,0,51.7,0,NA
D05UNDE,2,30,40,N_A,SK,,100,1000,132.8,0,37.9,0,NA
D05UNDE,2,40,50,N_A,SK,,100,1000,1.1,0,10.7,0,NA
D05UNDE,2,50,60,N_A,SK,,100,1000,60,0,19.9,0,NA
D05UNDE,2,60,70,N_A,SK,,100,1000,13.8,0,6.6,0,NA
D05UNDE,2,70,80,N_A,SK,,100,1000,2.8,0,6.4,0,NA
D05UNDE,2,80,90,N_A,SK,,100,1000,89,0,1.5,0,NA
D05UNDE,2,90,100,N_A,SK,,100,1000,65.7,0,10.4,0,NA
>>>>>>> origin/master
D05UNDE,2,100,120,long axis parallel ,SK,,100,2000,14.9,0,0,0,NA
D05UNDE,2,120,140,long axis parallel ,SK,,100,2000,174.8,0,15.8,0,NA
D05UNDE,2,140,160,long axis parallel ,SK,,110,2200,38.8,0,0,0,NA
D05UNDE,2,160,180,long axis parallel ,SK,,100,2000,55.8,0,0,0,NA
D05UNDE,2,180,200,long axis parallel ,SK,,121,2420,0.2,0,0,0,NA
<<<<<<< HEAD
D05UNDE,3,0,10,parallel,BDC,33,20.26829916,668.85,898.9,222.6,245.7,722,NA
D05UNDE,3,10,20,parallel,BDC,32.5,20.26829916,658.72,52.2,0,232.7,0,NA
D05UNDE,3,20,30,parallel,BDC,33,20.26829916,668.85,57.4,0,66.2,0,NA
D05UNDE,3,30,40,NA,SK,,100,1000,72.7,0,58.4,0,NA
D05UNDE,3,40,50,NA,SK,,100,1000,135.9,0,23.6,0,NA
D05UNDE,3,50,60,NA,SK,,100,1000,17.5,0,16.9,0,NA
D05UNDE,3,60,70,NA,SK,,100,1000,33.7,0,7.3,0,NA
D05UNDE,3,70,80,NA,SK,,80,800,33.8,0,5.4,0,NA
D05UNDE,3,80,90,NA,SK,,100,1000,271.7,123.3,7,0,NA
D05UNDE,3,90,100,NA,SK,,110,1100,386.7,0,6.3,0,NA
=======
D05UNDE,3,0,10,parallel,BDC,,20.26829916,668.85,898.9,222.6,245.7,722,NA
D05UNDE,3,10,20,parallel,BDC,,20.26829916,658.72,52.2,0,232.7,0,NA
D05UNDE,3,20,30,parallel,BDC,,20.26829916,668.85,57.4,0,66.2,0,NA
D05UNDE,3,30,40,N_A,SK,,100,1000,72.7,0,58.4,0,NA
D05UNDE,3,40,50,N_A,SK,,100,1000,135.9,0,23.6,0,NA
D05UNDE,3,50,60,N_A,SK,,100,1000,17.5,0,16.9,0,NA
D05UNDE,3,60,70,N_A,SK,,100,1000,33.7,0,7.3,0,NA
D05UNDE,3,70,80,N_A,SK,,80,800,33.8,0,5.4,0,NA
D05UNDE,3,80,90,N_A,SK,,100,1000,271.7,123.3,7,0,NA
D05UNDE,3,90,100,N_A,SK,,110,1100,386.7,0,6.3,0,NA
>>>>>>> origin/master
D05UNDE,3,100,120,long axis parallel ,SK,,100,2000,530.9,0,51.7,0,NA
D05UNDE,3,120,140,long axis parallel ,SK,,100,2000,452.9,0,41.4,0,NA
D05UNDE,3,140,160,long axis parallel ,SK,,100,2000,18.7,0,1,0,NA
D05UNDE,3,160,180,long axis parallel ,SK,,100,2000,0,0,0,0,NA
D05UNDE,3,180,200,long axis parallel ,SK,,100,2000,0,0,1.1,0,NA
D06KONZ,1,0,10,normal,SK,,130,1300,7972.4,824.8,0,0,NA
D06KONZ,1,10,20,normal,SK,,110,1100,1651.5,42.4,0,0,NA
D06KONZ,1,20,30,normal,SK,,100,1000,350.8,0,0,0,sample dropped during processing and some contents lost
D06KONZ,1,30,40,normal,SK,,100,1000,314.2,0,0,0,NA
D06KONZ,1,40,50,normal,SK,,100,1000,329.2,0,0,0,NA
D06KONZ,1,50,60,normal,SK,,100,1000,334.2,0,0,0,NA
D06KONZ,1,60,70,normal,SK,,100,1000,428.3,0,0,0,NA
D06KONZ,1,70,80,normal,SK,,100,1000,637.8,0,0,0,NA
D06KONZ,1,80,90,normal,SK,,100,1000,806,0,0,0,NA
D06KONZ,1,90,100,normal,SK,,100,1000,87.5,0,0,0,NA
D06KONZ,1,100,120,long axis parallel,SK,,100,2000,18,0,0,0,NA
D06KONZ,1,120,140,long axis parallel,SK,,100,2000,4.7,0,0,0,NA
D06KONZ,1,140,160,long axis parallel,SK,,90,1800,5,0,0,0,NA
D06KONZ,1,160,180,long axis parallel,SK,,100,1500,0.1,0,0,0,NA
D06KONZ,1,180,200,long axis parallel,SK,,100,2000,0.1,0,0,0,NA
D06KONZ,2,0,10,normal,SK,,100,1000,11585.1,0,0,0,NA
D06KONZ,2,10,20,normal,SK,,100,1000,2588.7,0,0,0,NA
D06KONZ,2,20,30,normal,SK,,100,1000,684.5,0,0,0,NA
D06KONZ,2,30,40,normal,SK,,100,1000,496.1,0,0,0,NA
D06KONZ,2,40,50,normal,SK,,100,1000,170.3,0,0,0,NA
D06KONZ,2,50,60,normal,SK,,110,1100,634.6,0,0,0,NA
D06KONZ,2,60,70,normal,SK,,120,1200,220.1,0,0,0,NA
D06KONZ,2,70,80,normal,SK,,100,1000,253.4,0,0,0,NA
D06KONZ,2,80,90,normal,SK,,100,1000,755.3,0,0,0,NA
D06KONZ,2,90,100,normal,SK,,100,1000,330.6,0,0,0,NA
D06KONZ,2,100,120,long axis parallel,SK,,100,2000,7.2,0,0,0,NA
D06KONZ,2,120,140,long axis parallel,SK,,100,2000,3.5,0,0,0,NA
D06KONZ,2,140,160,long axis parallel,SK,,100,2000,1,0,0,0,NA
D06KONZ,2,160,180,long axis parallel,SK,,100,2000,1.7,0,0,0,NA
D06KONZ,2,180,200,long axis parallel,SK,,100,1900,0.1,0,0,0,NA
D06KONZ,3,0,10,normal,SK,,100,1000,5387.1,1450.2,12,0,NA
D06KONZ,3,10,20,normal,SK,,100,1000,2118.3,0,0,0,NA
D06KONZ,3,20,30,normal,SK,,100,1000,803.4,0,0,0,NA
D06KONZ,3,30,40,normal,SK,,100,1000,1020,0,0,0,NA
D06KONZ,3,40,50,normal,SK,,100,1000,3090.8,0,0,0,NA
D06KONZ,3,50,60,normal,SK,,100,1000,296.7,0,0,0,NA
D06KONZ,3,60,70,normal,SK,,110,1100,71.3,187.7,0,0,NA
D06KONZ,3,70,80,normal,SK,,100,1000,467.1,0,0,0,NA
D06KONZ,3,80,90,normal,SK,,100,1000,564.9,0,0,0,NA
D06KONZ,3,90,100,normal,SK,,100,1000,46.5,0,0,0,NA
D06KONZ,3,100,120,long axis parallel,SK,,100,2000,27.4,0,0,0,NA
D06KONZ,3,120,140,long axis parallel,SK,,100,2000,16.3,0,0,0,NA
D06KONZ,3,140,160,long axis parallel,SK,,90,1800,0.6,0,0,0,NA
D06KONZ,3,160,180,long axis parallel,SK,,100,2000,0.1,0,0,0,NA
D06KONZ,3,180,200,long axis parallel,SK,,100,2000,0,0,0,0,NA
D06UKFS,1,0,10,normal,SK,,100,1000,4663.8,625.8,0,0,NA
D06UKFS,1,10,20,normal,SK,,100,1000,1151,1524.5,0,0,NA
D06UKFS,1,20,30,normal,SK,,100,1000,337.7,0,0,0,NA
D06UKFS,1,30,40,normal,SK,,100,1000,407.3,0,0,0,NA
D06UKFS,1,40,50,normal,SK,,100,1000,164.2,0,0,0,NA
D06UKFS,1,50,60,normal,SK,,100,1000,407.3,0,0,0,NA
D06UKFS,1,60,70,normal,SK,,60,600,154.7,0,0,0,rock in profile
D06UKFS,1,70,80,normal,SK,,40,400,325.6,0,0,0,rock in profile
D06UKFS,1,80,90,normal,SK,,100,1000,456.9,0,0,0,NA
D06UKFS,1,90,100,normal,SK,,100,1000,123.4,0,0,0,NA
D06UKFS,1,100,120,long axis parallel,SK,,100,2000,519.6,346.1,0,0,NA
D06UKFS,1,120,140,long axis parallel,SK,,100,2000,763.4,0,0,0,NA
D06UKFS,1,140,160,long axis parallel,SK,,100,2000,571.1,437.5,0,0,NA
D06UKFS,1,160,180,long axis parallel,SK,,100,1500,354.8,169.4,0,0,NA
D06UKFS,1,180,200,long axis parallel,SK,,100,1000,497.1,0,0,0,ended at 190 because couldn't get any lower
D06UKFS,2,0,10,normal,SK,,100,1000,3471.8,201.1,0,0,NA
D06UKFS,2,10,20,normal,SK,,100,1000,1152.4,0,0,0,NA
D06UKFS,2,20,30,normal,SK,,100,1000,1535.7,5028.7,0,0,NA
D06UKFS,2,30,40,normal,SK,,100,1000,723.8,0,0,0,NA
D06UKFS,2,40,50,normal,SK,,100,1000,685.8,319.2,0,0,NA
D06UKFS,2,50,60,normal,SK,,100,1000,882.6,0,0,0,NA
D06UKFS,2,60,70,normal,SK,,100,1000,148.1,0,0,0,NA
D06UKFS,2,70,80,normal,SK,,100,1000,90,713.9,0,0,NA
D06UKFS,2,80,90,normal,SK,,100,1000,185,865.7,0,0,NA
D06UKFS,2,90,100,normal,SK,,100,1000,383.8,0,0,0,NA
D06UKFS,2,100,120,long axis parallel,SK,,100,2000,337.7,0,0,0,NA
D06UKFS,2,120,140,long axis parallel,SK,,100,2000,199.5,0,0,0,NA
D06UKFS,2,140,160,long axis parallel,SK,,100,2000,365.9,0,0,0,NA
D06UKFS,2,160,180,long axis parallel,SK,,100,2000,121.6,0,0,0,NA
D06UKFS,2,180,200,long axis parallel,SK,,100,1000,1.8,0,0,0,ended at 190 because couldn't get any lower
D06UKFS,3,0,10,normal,SK,,100,1000,241,660.9,0,0,NA
D06UKFS,3,10,20,normal,SK,,100,1000,1180.1,1579.5,0,0,NA
D06UKFS,3,20,30,normal,SK,,100,1000,927.5,16864.3,0,0,NA
D06UKFS,3,30,40,normal,SK,,90,900,238.1,0,0,0,NA
D06UKFS,3,40,50,normal,SK,,100,1000,332.5,0,0,0,NA
D06UKFS,3,50,60,normal,SK,,100,1000,189.4,0,0,0,NA
D06UKFS,3,60,70,normal,SK,,100,1000,88.3,0,0,0,large rock 90% of sample
D06UKFS,3,70,80,normal,SK,,80,800,757.1,0,0,0,thick clay
D06UKFS,3,80,90,normal,SK,,100,1000,123.7,0,0,0,thick clay
D06UKFS,3,90,100,normal,SK,,100,1000,103.4,151.1,0,0,thick clay
D06UKFS,3,100,120,long axis parallel,SK,,100,2000,737.2,966.3,0,0,thick clay
D06UKFS,3,120,140,long axis parallel,SK,,100,2000,929.8,3198.6,0,0,NA
D06UKFS,3,140,160,long axis parallel,SK,,100,2000,490.4,0,0,0,NA
D06UKFS,3,160,180,long axis parallel,SK,,100,2000,558.5,0,0,0,NA
D06UKFS,3,180,200,long axis parallel,SK,,100,1000,158.5,0,0,0,ended at 190 because couldn't get any lower
D07GRSM,1,0,10,normal,SK,,100,1000,2883.6,1363.9,723.4,4229.1,NA
D07GRSM,1,10,20,normal,SK,,100,1000,1184.6,31537.8,1026.5,5151,NA
D07GRSM,1,20,30,normal,SK,,100,1000,933.5,9771.3,268.3,555.1,NA
D07GRSM,1,30,40,normal,SK,,100,1000,1312,8455.2,200.9,3227.4,NA
D07GRSM,1,40,50,normal,SK,,100,1000,462.1,4471.9,1118.5,0,NA
D07GRSM,1,50,60,normal,SK,,100,1000,188,6944.2,49.1,0,NA
D07GRSM,1,60,70,normal,SK,,100,1000,281.8,1544.8,13.5,0,NA
D07GRSM,1,70,80,normal,SK,,100,1000,374.3,1356.8,0,0,NA
D07GRSM,1,80,90,normal,SK,,100,1000,26.6,0,0,0,NA
D07GRSM,1,90,100,normal,SK,,200,2000,37,177.4,0,0,NA
D07GRSM,1,100,120,long axis parallel,SK,,200,2000,341.4,894.8,17.3,0,NA
D07GRSM,1,120,140,long axis parallel,SK,,200,2000,1851.3,0,0,0,NA
D07GRSM,1,140,160,long axis parallel,SK,,200,2000,312.2,0,0,0,NA
D07GRSM,1,160,180,long axis parallel,SK,,200,2000,120.2,613.6,22.8,0,NA
D07GRSM,1,180,200,long axis parallel,SK,,200,2000,118.9,120.5,0,0,NA
D07GRSM,2,0,10,normal,SK,,100,1000,9929.7,1952.6,4252.5,969.9,NA
D07GRSM,2,10,20,normal,SK,,100,1000,1912.2,9665.1,4698,897.1,NA
D07GRSM,2,20,30,normal,SK,,100,1000,806.4,3342.4,321.7,0,NA
D07GRSM,2,30,40,normal,SK,,90,900,532.8,632.3,99,0,NA
D07GRSM,2,40,50,normal,SK,,90,900,508.6,1119.6,16.1,0,NA
D07GRSM,2,50,60,normal,SK,,100,1000,140.9,229.3,2,0,NA
D07GRSM,2,60,70,normal,SK,,100,1000,279.9,548.6,0,0,NA
D07GRSM,2,70,80,normal,SK,,100,1000,460.4,592,0,0,NA
D07GRSM,2,80,90,normal,SK,,100,1000,18.8,0,3,0,NA
D07GRSM,2,90,100,normal,SK,,200,2000,198.5,0,0,0,NA
D07GRSM,2,100,120,long axis parallel,SK,,200,2000,716,171,0,0,NA
D07GRSM,2,120,140,long axis parallel,SK,,200,2000,32.1,58.5,0,0,NA
D07GRSM,2,140,160,long axis parallel,SK,,200,2000,140.3,0,15.7,0,NA
D07GRSM,2,160,180,long axis parallel,SK,,200,2000,83.8,297.3,164.7,0,NA
D07GRSM,2,180,200,long axis parallel,SK,,200,2000,435.4,1249.4,86,0,NA
D07GRSM,3,0,10,normal,SK,,170,1700,15200,1384.7,67.3,162.2,NA
D07GRSM,3,10,20,normal,SK,,100,1000,1880.4,5124.2,2392,0,NA
D07GRSM,3,20,30,normal,SK,,100,1000,1470.3,7598.1,2907.6,264.4,NA
D07GRSM,3,30,40,normal,SK,,100,1000,1631.5,4237.3,2367,0,NA
D07GRSM,3,40,50,normal,SK,,100,1000,1372.8,9704.8,1680.3,0,NA
D07GRSM,3,50,60,normal,SK,,100,1000,286,27187.2,350.4,0,NA
D07GRSM,3,60,70,normal,SK,,100,1000,358.6,11710.6,245.1,0,NA
D07GRSM,3,70,80,normal,SK,,100,1000,72.2,5629,0,0,NA
D07GRSM,3,80,90,normal,SK,,120,1200,0,6821.8,0,0,NA
D07GRSM,3,90,100,normal,SK,,200,2000,15.9,0,0,0,NA
D07GRSM,3,100,120,long axis parallel,SK,,200,2000,589,1272.4,85.5,0,NA
D07GRSM,3,120,140,long axis parallel,SK,,200,2000,57.2,0,0,0,NA
D07GRSM,3,140,160,long axis parallel,SK,,200,2000,50.8,0,0,0,NA
D07GRSM,3,160,180,long axis parallel,SK,,200,2000,985.4,0,0,0,NA
D07GRSM,3,180,200,long axis parallel,SK,,200,2000,81.9,585.5,15.2,0,NA
D07MLBS,1,0,10,normal,SK,,100,1000,2556.3,1884.4,543.7,69,NA
D07MLBS,1,10,20,normal,SK,,100,1000,2558.8,9466,293.5,0,NA
D07MLBS,1,20,30,normal,SK,,100,1000,377.4,1489.9,74.3,0,NA
D07MLBS,1,30,40,normal,SK,,100,1000,118.7,0,23.2,0,NA
D07MLBS,1,40,50,normal,SK,,100,1000,100.9,0,115.4,0,NA
D07MLBS,1,50,60,normal,SK,,100,1000,144.6,0,92.5,0,NA
D07MLBS,1,60,70,normal,SK,,100,1000,41,0,84.6,0,NA
D07MLBS,1,70,80,normal,SK,,100,1000,11.8,0,24,0,NA
D07MLBS,1,80,90,normal,SK,,100,1000,6.5,0,1.5,0,NA
D07MLBS,1,90,100,normal,SK,,100,1000,103.3,0,37.2,0,NA
D07MLBS,1,100,120,long axis parallel,SK,,100,2000,34.7,0,23.4,0,NA
D07MLBS,2,0,10,normal,SK,,100,1000,2769.3,3499.6,87.3,0,NA
D07MLBS,2,10,20,normal,SK,,100,1000,954.8,6049.8,205.9,0,NA
D07MLBS,2,20,30,normal,SK,,100,1000,302,866.3,83.9,0,NA
D07MLBS,2,30,40,normal,SK,,100,1000,301.9,0,67,93.9,NA
D07MLBS,2,40,50,normal,SK,,100,1000,251.7,103.6,55.1,0,NA
D07MLBS,2,50,60,normal,SK,,100,1000,49,0,23.4,0,NA
D07MLBS,2,60,70,normal,SK,,100,1000,7.8,0,2.7,0,NA
D07MLBS,2,70,80,normal,SK,,100,1000,11.9,0,2.9,0,NA
D07MLBS,2,80,90,normal,SK,,100,1000,29.6,0,18.2,0,NA
D07MLBS,2,90,120,normal,SK,,100,1000,52.9,0,8,0,NA
D07MLBS,2,100,110,long axis parallel,SK,,100,2000,19.6,0,8,0,NA
D07MLBS,3,0,10,normal,SK,,100,1000,2550.3,6896.3,453.8,0,NA
D07MLBS,3,10,20,normal,SK,,100,1000,1709.1,1630.5,162.6,0,NA
D07MLBS,3,20,30,normal,SK,,100,1000,832.3,2485.7,22,0,NA
D07MLBS,3,30,40,normal,SK,,100,1000,273.6,0,102.1,74.8,NA
D07MLBS,3,40,50,normal,SK,,100,1000,208,0,204.7,0,NA
D07MLBS,3,50,60,normal,SK,,100,1000,23.5,0,7.3,0,NA
D07MLBS,3,60,70,normal,SK,,100,1000,42.5,0,3.8,0,NA
D07MLBS,3,70,80,normal,SK,,100,1000,29.4,0,14.9,0,NA
D07MLBS,3,80,90,normal,SK,,100,1000,14,0,4.7,0,NA
D07MLBS,3,90,100,normal,SK,,100,1000,34.2,0,17.5,0,NA
D07MLBS,3,100,120,long axis parallel,SK,,100,2000,65,0,27.9,0,NA
D07ORNL,1,0,10,normal,SK,,100,1000,2378.6,2701,369.5,0,NA
D07ORNL,1,10,20,normal,SK,,100,1000,643.1,3899.3,21.5,0,NA
D07ORNL,1,20,30,normal,SK,,100,1000,700.2,0,24.5,0,NA
D07ORNL,1,30,40,normal,SK,,100,1000,901.9,2758.6,14.3,0,NA
D07ORNL,1,40,50,normal,SK,,100,1000,939.6,589.9,0,0,NA
D07ORNL,1,50,60,normal,SK,,100,1000,401.6,0,5.5,0,NA
D07ORNL,1,60,70,normal,SK,,100,1000,226.9,159,4.7,0,NA
D07ORNL,1,70,80,normal,SK,,100,1000,123.6,0,0,0,NA
D07ORNL,1,80,90,normal,SK,,100,1000,143.1,0,0,0,NA
D07ORNL,1,90,100,normal,SK,,100,1000,308.1,0,14,0,NA
D07ORNL,1,100,120,long axis parallel,SK,,100,2000,197.7,0,2.4,0,NA
D07ORNL,1,120,140,long axis parallel,SK,,100,2000,49.3,87.1,1,0,NA
D07ORNL,1,140,160,long axis parallel,SK,,100,2000,132.4,0,0,0,NA
D07ORNL,1,160,180,long axis parallel,SK,,100,2000,136.1,0,0,0,NA
D07ORNL,2,0,10,normal,BDC,,20.26829916,608.0489748,4004.2,6773,203.6,0,NA
D07ORNL,2,10,20,normal,SK,,100,1000,498,918.3,43.3,0,NA
D07ORNL,2,20,30,normal,SK,,100,1000,400.4,0,25.5,0,NA
D07ORNL,2,30,40,normal,SK,,100,1000,355.5,0,53.3,0,NA
D07ORNL,2,40,50,normal,SK,,100,1000,240.8,0,37.1,0,NA
D07ORNL,2,50,60,normal,SK,,100,1000,731.2,0,35.9,0,NA
D07ORNL,2,60,70,normal,SK,,100,1000,303.2,0,5.6,0,NA
D07ORNL,2,70,80,normal,SK,,100,1000,119.4,0,14.5,0,NA
D07ORNL,2,80,90,normal,SK,,100,1000,171.1,480.8,8.6,0,NA
D07ORNL,2,90,100,normal,SK,,100,1000,364.1,1343.8,9.2,0,NA
D07ORNL,2,100,120,long axis parallel,SK,,100,2000,364.9,418.3,6,205.5,NA
D07ORNL,2,120,140,long axis parallel,SK,,100,2000,613.9,628.6,83.9,0,NA
D07ORNL,2,140,160,long axis parallel,SK,,100,2000,249.5,481.4,13.3,0,NA
D07ORNL,2,160,180,long axis parallel,SK,,100,2000,620.8,87.8,0,0,NA
D07ORNL,3,0,10,normal,BDC,,20.26829916,608.0489748,2545.2,2562.6,371.5,0,NA
D07ORNL,3,10,20,normal,BDC,,20.26829916,608.0489748,919.6,1175.4,28,70.4,NA
D07ORNL,3,20,30,normal,BDC,,20.26829916,608.0489748,495,192.3,29.5,0,NA
D07ORNL,3,30,40,normal,SK,,100,1000,473.2,593.7,3.3,0,NA
D07ORNL,3,40,50,normal,SK,,100,1000,290.5,0,23.6,0,NA
D07ORNL,3,50,60,normal,SK,,100,1000,78.5,0,0,0,NA
D07ORNL,3,60,70,normal,SK,,100,1000,9.3,0,0,0,NA
D07ORNL,3,70,80,normal,SK,,100,1000,84.4,0,15.3,0,NA
D07ORNL,3,80,90,normal,SK,,100,1000,20.4,0,5.7,0,NA
D07ORNL,3,90,100,normal,SK,,100,1000,2.4,0,0,0,NA
D07ORNL,3,100,120,long axis parallel,SK,,100,2000,179.1,132.9,11.2,0,NA
D07ORNL,3,120,140,long axis parallel,SK,,100,2000,398.4,0,23,0,NA
D07ORNL,3,140,160,long axis parallel,SK,,100,2000,369.6,0,0,0,NA
D07ORNL,3,160,180,long axis parallel,SK,,100,2000,51.2,0,0,0,NA
D08DELA,1,0,10,normal,BDC,32,20.26829916,648.5855732,969,296.7,0,0,NA
D08DELA,1,10,20,normal,BDC,30,20.26829916,608.0489749,376.4,613.9,0,0,NA
D08DELA,1,20,30,normal,BDC,31,20.26829916,628.3172741,132.7,0,0,0,NA
D08DELA,1,30,40,normal,BDC,31,20.26829916,628.3172741,97.2,0,0,0,NA
D08DELA,1,40,50,normal,SK,,100,1000,309.5,1776.4,0,0,NA
D08DELA,1,50,60,normal,SK,,100,1000,15.7,0,0,0,NA
D08DELA,1,60,70,normal,SK,,100,1000,39.4,0,0,0,NA
D08DELA,1,70,80,normal,SK,,100,1000,340.2,0,0,0,NA
D08DELA,1,80,90,normal,SK,,100,1000,444.2,0,0,0,NA
D08DELA,1,90,100,normal,SK,,90,1000,1274.3,0,0,0,NA
D08DELA,1,100,120,long axis parallel,SK,,100,2000,983.4,550.4,0,0,NA
D08DELA,1,120,140,long axis parallel,SK,,100,2000,444.8,0,0,0,NA
D08DELA,1,140,160,long axis parallel,SK,,100,2000,2.1,0,0,0,NA
D08DELA,1,160,180,long axis parallel,SK,,100,2000,0,0,0,0,NA
D08DELA,2,0,10,normal,BDC,30.5,20.26829916,618.1831245,960.2,0,0,0,NA
D08DELA,2,10,20,normal,SK,,20.26829916,202.6829916,1193.5,0,0,0,NA
D08DELA,2,20,30,normal,SK,,20.26829916,202.6829916,1028.7,0,0,0,NA
D08DELA,2,30,40,normal,SK,,20.26829916,202.6829916,469.4,0,0,0,NA
D08DELA,2,40,50,normal,SK,,20.26829916,202.6829916,470.1,0,0,0,NA
D08DELA,2,50,60,normal,SK,,20.26829916,304.0244875,691,0,0,0,NA
D08DELA,2,60,70,normal,SK,,20.26829916,202.6829916,396,0,0,0,NA
D08DELA,2,70,80,normal,SK,,20.26829916,202.6829916,72.3,0,0,0,NA
D08DELA,2,80,90,normal,SK,,100,1000,257.1,0,0,0,NA
D08DELA,2,90,100,normal,SK,,100,1000,24,0,0,0,NA
D08DELA,2,100,120,long axis parallel,SK,,100,2000,47.1,0,0,0,lots of cave in during sampling so difficult to get an accurate area or volume
D08DELA,2,120,140,long axis parallel,SK,,100,2000,265.4,0,0,0,NA
D08DELA,2,140,160,long axis parallel,SK,,100,2000,4.6,0,0,0,NA
D08DELA,2,160,180,long axis parallel,SK,,100,2000,0,0,0,0,NA
D08DELA,3,0,10,normal,BDC,33,20.26829916,668.8538724,1118.7,1769.2,0,0,NA
D08DELA,3,10,20,normal,BDC,,20.26829916,202.6829916,1011.3,0,0,0,actually SK?
D08DELA,3,20,30,normal,BDC,,20.26829916,202.6829916,301.4,3180.4,0,0,actually SK?
D08DELA,3,30,40,normal,BDC,,20.26829916,202.6829916,386.5,478.5,0,0,actually SK?
D08DELA,3,40,50,normal,SK,,100,1000,710.7,3477.5,0,0,NA
D08DELA,3,50,60,normal,SK,,100,1000,188.9,0,0,0,NA
D08DELA,3,60,70,normal,SK,,100,1200,61.6,945.6,0,0,NA
D08DELA,3,70,80,normal,SK,,110,1100,188.9,0,0,0,Long axis perpendicular not parallel to the face
D08DELA,3,80,90,normal,SK,,100,1000,62,0,0,0,NA
D08DELA,3,90,100,normal,SK,,100,1000,264,0,0,0,NA
D08DELA,3,100,120,long axis parallel,SK,,100,2000,318,0,0,0,Lots of cave in lead to extra length and material 
D08DELA,3,120,140,long axis parallel,SK,,100,2000,132.1,0,0,0,NA
D08DELA,3,140,160,long axis parallel,SK,,100,2000,71.9,0,0,0,NA
D08DELA,3,160,180,long axis parallel,SK,,100,2000,0,0,0,0,Had to remove two large cobbles from sample area
D08LENO,1,0,10,normal,SK,,100,1000,4627.2,8679.9,272.6,0,NA
D08LENO,1,10,20,normal,SK,,100,1000,2850,0,160.9,0,NA
D08LENO,1,20,30,normal,SK,,90,900,731.9,776.1,33.2,4,NA
D08LENO,1,30,40,normal,SK,,100,1000,192.9,0,17.7,0,NA
D08LENO,1,40,50,normal,SK,,100,1000,160.1,0,24.4,0,NA
D08LENO,1,50,60,normal,SK,,100,1000,169.6,0,7.9,0,NA
D08LENO,1,60,70,normal,SK,,70,700,124.4,591.5,0,0,NA
D08LENO,1,70,80,normal,SK,,100,1100,94.1,276.2,0,0,NA
D08LENO,1,80,90,normal,SK,,100,1000,246.5,0,0,0,NA
D08LENO,1,90,100,normal,SK,,100,1000,182.3,0,0,0,NA
D08LENO,1,100,120,long axis parallel,SK,,200,2000,216.5,0,0,0,NA
D08LENO,1,120,140,long axis parallel,SK,,200,2000,394,0,0,0,NA
D08LENO,1,140,160,long axis parallel,SK,,200,2000,467,0,0,0,NA
D08LENO,1,160,180,long axis parallel,SK,,200,2000,167.2,0,0,0,NA
D08LENO,1,180,200,long axis parallel,SK,,200,2000,21.8,0,0,0,NA
D08LENO,2,0,10,normal,SK,,120,1200,5400.2,14788.5,315.9,0,NA
D08LENO,2,10,20,normal,SK,,100,1100,1570.8,1079.8,201.6,0,NA
D08LENO,2,20,30,normal,SK,,100,1210,541.2,0,40.6,0,NA
D08LENO,2,30,40,normal,SK,,100,1100,32.4,0,515.9,0,NA
D08LENO,2,40,50,normal,SK,,100,1000,114.5,33568.6,53.2,0,NA
D08LENO,2,50,60,normal,SK,,100,1000,440.2,0,4,0,NA
D08LENO,2,60,70,normal,SK,,100,1000,510.8,0,0,0,NA
D08LENO,2,70,80,normal,SK,,100,1000,452.2,0,0,0,NA
D08LENO,2,80,90,normal,SK,,100,1000,271,0,112,0,NA
D08LENO,2,90,100,normal,SK,,100,1000,72.6,0,0,0,NA
D08LENO,2,100,120,long axis parallel,SK,,200,2000,107.6,0,4.2,0,NA
D08LENO,2,120,140,long axis parallel,SK,,200,2000,19,0,0,0,NA
D08LENO,2,140,160,long axis parallel,SK,,200,2000,16.8,0,0,0,NA
D08LENO,2,160,180,long axis parallel,SK,,200,2000,59.2,0,0,0,NA
D08LENO,2,180,200,long axis parallel,SK,,200,2000,127.8,1547.7,0,0,NA
D08LENO,3,0,10,normal,SK,,100,1000,1328.4,3492.6,307.2,0,NA
D08LENO,3,10,20,normal,SK,,100,1800,1494.1,6357,301.1,0,NA
D08LENO,3,20,30,normal,SK,,100,1500,1804.2,17245.4,13.3,0,NA
D08LENO,3,30,40,normal,SK,,100,1000,437.6,18440.8,203.3,544.1,NA
D08LENO,3,40,50,normal,SK,,100,1000,272.3,47748.8,0,0,NA
D08LENO,3,50,60,normal,SK,,100,1000,166.2,662.2,0,0,NA
D08LENO,3,60,70,normal,SK,,100,1000,66,0,0,0,NA
D08LENO,3,70,80,normal,SK,,100,1000,187.3,3007,0,0,NA
D08LENO,3,80,90,normal,SK,,120,1200,341.4,3397.3,0,0,NA
D08LENO,3,90,100,normal,SK,,100,1000,598.4,1468.7,247,0,NA
D08LENO,3,100,120,long axis parallel,SK,,200,2000,104.3,326.1,0,0,NA
D08LENO,3,120,140,long axis parallel,SK,,200,2000,31.9,0,0,0,NA
D08LENO,3,140,160,long axis parallel,SK,,200,2000,103.8,0,0,0,NA
D08LENO,3,160,180,long axis parallel,SK,,200,2000,66,0,0,0,NA
D08LENO,3,180,200,long axis parallel,SK,,100,1650,4.2,0,0,0,NA
D08TALL,1,0,10,normal,BDC,31.5,20.26829916,638.4514237,880.1,439.8,181.5,0,NA
D08TALL,1,10,20,normal,BDC,29,20.26829916,587.7806758,570.7,0,27.4,0,NA
D08TALL,1,20,30,normal,SK,,120,1200,431.9,205.3,65.7,0,NA
D08TALL,1,30,40,normal,SK,,100,1000,1191.9,214.6,97.8,0,NA
D08TALL,1,40,50,normal,SK,,100,1000,347,0,121.3,261.3,NA
D08TALL,1,50,60,normal,SK,,100,1000,456.8,0,84.2,0,NA
D08TALL,1,60,70,normal,SK,,100,1000,237.7,0,51.8,66.2,NA
D08TALL,1,70,80,normal,SK,,100,1000,45.6,0,18.4,0,NA
D08TALL,1,80,90,normal,SK,,100,1000,87.8,0,0,0,NA
D08TALL,1,90,100,normal,SK,,100,1000,6.6,0,8.4,0,*Envelope for live root mass >2mm was open when it was received from shipping
D08TALL,1,100,120,long axis parallel,SK,,100,2000,1.9,0,0,0,NA
D08TALL,1,120,140,long axis parallel,SK,,100,2000,5.9,0,0,0,NA
D08TALL,1,140,160,long axis parallel,SK,,100,2000,0,0,0,12.4,NA
D08TALL,1,160,180,long axis parallel,SK,,120,2400,0,0,0,0,no roots found
D08TALL,1,180,200,long axis parallel,SK,,100,2000,0,0,0,0,no roots found
D08TALL,2,0,10,normal,BDC,29,20.26829916,587.7806758,1120.3,463.5,19.9,0,NA
D08TALL,2,10,20,normal,BDC,30.5,20.26829916,618.1831245,332.1,350.6,66.3,0,NA
D08TALL,2,20,30,normal,BDC,35.5,20.26829916,719.5246203,421.8,3213.7,0,0,NA
D08TALL,2,30,40,normal,SK,,100,1000,1197.7,5035.6,156.2,415.2,NA
D08TALL,2,40,50,normal,SK,,100,1100,1988.2,293.2,0,515.9,NA
D08TALL,2,50,60,normal,SK,,100,1000,679.6,0,80.8,0,NA
D08TALL,2,60,70,normal,SK,,100,1000,84.2,0,32.9,0,NA
D08TALL,2,70,80,normal,SK,,100,1000,10,0,3,0,NA
D08TALL,2,80,90,normal,SK,,100,1000,4.7,0,0,0,NA
D08TALL,2,90,100,normal,SK,,100,1000,102.6,0,0,0,NA
D08TALL,2,100,120,long axis parallel,SK,,100,2000,26,0,0,0,NA
D08TALL,2,120,140,long axis parallel,SK,,120,2400,0.4,0,0,0,NA
D08TALL,2,140,160,long axis parallel,SK,,100,2000,0,0,0,0,no roots found
D08TALL,2,160,180,long axis parallel,SK,,100,2000,3.8,0,0,0,NA
D08TALL,2,180,200,long axis parallel,SK,,100,2000,0,0,2.4,0,NA
D08TALL,3,0,10,normal,BDC,30,20.26829916,608.0489749,695.8,1401.8,13.9,0,NA
D08TALL,3,10,20,normal,BDC,32,20.26829916,648.5855732,473.4,811,0,0,NA
D08TALL,3,20,30,normal,BDC,30,20.26829916,608.0489749,200,72.6,11.5,897.4,NA
D08TALL,3,30,40,normal,SK,,100,1000,484.2,136.4,217.2,0,NA
D08TALL,3,40,50,normal,SK,,100,1000,475.7,286.1,186.6,607.7,NA
D08TALL,3,50,60,normal,SK,,100,1000,333,0,68.6,0,NA
D08TALL,3,60,70,normal,SK,,100,1000,99.7,0,104.5,0,NA
D08TALL,3,70,80,normal,SK,,100,1000,53.7,0,1.2,0,NA
D08TALL,3,80,90,normal,SK,,100,1000,149.3,0,7.1,0,NA
D08TALL,3,90,100,normal,SK,,100,1000,72.3,0,59.1,0,NA
D08TALL,3,100,120,long axis parallel,SK,,100,2000,81,0,0,0,NA
D08TALL,3,120,140,long axis parallel,SK,,100,2000,14.7,0,0,0,NA
D08TALL,3,140,160,long axis parallel,SK,,100,2000,57.6,0,46.5,0,NA
D08TALL,3,160,180,long axis parallel,SK,,100,2000,6.9,0,0,0,NA
D08TALL,3,180,200,long axis parallel,SK,,100,2000,1.2,0,0,0,NA
D09DCFS,1,0,10,normal,BDC,,20.26829916,542.8672105,2481.9,0,0,0,NA
D09DCFS,1,10,20,normal,BDC,,20.26829916,542.8672105,499.1,0,0,0,NA
D09DCFS,1,20,30,normal,BDC,,20.26829916,542.8672105,389.6,0,0,0,NA
D09DCFS,1,30,40,normal,SK,,100,1000,655.2,0,0,0,NA
D09DCFS,1,40,50,normal,SK,,100,1000,624.8,0,0,0,NA
D09DCFS,1,50,60,normal,SK,,100,1000,283.5,0,0,0,NA
D09DCFS,1,60,70,normal,SK,,100,1000,409.8,0,0,0,NA
D09DCFS,1,70,80,normal,SK,,100,1000,200.1,0,0,0,NA
D09DCFS,1,80,90,normal,SK,,100,1000,156.9,0,0,0,NA
D09DCFS,1,90,100,normal,SK,,110,1100,128.6,0,0,0,NA
D09DCFS,1,100,120,long axis parallel ,SK,,100,2000,56.1,0,0,0,NA
D09DCFS,1,120,140,long axis parallel ,SK,,100,2000,9.4,0,0,0,NA
D09DCFS,2,0,10,normal,BDC,,20.26829916,542.8672105,1995.4,119.7,0,0,NA
D09DCFS,2,10,20,normal,BDC,,20.26829916,542.8672105,309.9,0,0,0,NA
D09DCFS,2,20,30,normal,BDC,,20.26829916,542.8672105,242.1,0,0,0,NA
D09DCFS,2,30,40,normal,SK,,100,1000,460.7,0,0,0,NA
D09DCFS,2,40,50,normal,SK,,100,1000,269.5,0,0,0,NA
D09DCFS,2,50,60,normal,SK,,100,1000,295.6,0,0,0,NA
D09DCFS,2,60,70,normal,SK,,100,1000,91.1,0,0,0,NA
D09DCFS,2,70,80,normal,SK,,100,1000,54.2,0,0,0,NA
D09DCFS,2,80,90,normal,SK,,100,1000,18.4,0,0,0,NA
D09DCFS,2,90,100,normal,SK,,100,1000,69,0,0,0,NA
D09DCFS,2,100,120,long axis parallel ,SK,,100,2000,32.9,0,0,0,NA
D09DCFS,2,120,140,long axis parallel ,SK,,100,2000,0,0,0,0,no roots found
D09DCFS,3,0,10,normal,BDC,,20.26829916,542.8672105,2661.5,470.7,0,0,NA
D09DCFS,3,10,20,normal,BDC,,20.26829916,542.8672105,294,0,0,0,NA
D09DCFS,3,20,30,normal,BDC,,20.26829916,542.8672105,251.8,0,0,0,NA
D09DCFS,3,30,40,normal,SK,,100,1000,147.8,0,0,0,NA
D09DCFS,3,40,50,normal,SK,,100,1000,84.4,0,0,0,NA
D09DCFS,3,50,60,normal,SK,,100,1000,47.7,0,0,0,NA
D09DCFS,3,60,70,normal,SK,,100,1000,95.1,0,0,0,NA
D09DCFS,3,70,80,normal,SK,,100,1000,91.3,0,0,0,NA
D09DCFS,3,80,90,normal,SK,,100,1000,84.6,0,0,0,NA
D09DCFS,3,90,100,normal,SK,,100,1000,75.8,0,0,0,NA
D09DCFS,3,100,120,long axis parallel ,SK,,100,2000,82.9,0,0,0,NA
D09DCFS,3,120,140,long axis parallel ,SK,,100,2000,6.2,0,0,0,NA
D09NOGP,1,0,10,normal,BDC,30,20.26829916,608.0489749,7494.6,0,0,0,NA
D09NOGP,1,10,20,normal,BDC,30,20.26829916,608.0489749,1727.9,0,415,0,NA
D09NOGP,1,20,30,normal,BDC,28,20.26829916,567.5123766,1426.6,184.6,0,0,NA
D09NOGP,1,30,40,normal,BDC,30.5,20.26829916,618.1831245,617.6,0,73.2,0,NA
D09NOGP,1,40,50,normal,SK,,100,1000,536.6,0,134.6,0,NA
D09NOGP,1,50,60,normal,SK,,100,1000,508.7,0,66.1,0,NA
D09NOGP,1,60,70,normal,SK,,100,1000,399.3,0,0,0,NA
D09NOGP,1,70,80,normal,SK,,100,1000,199.3,0,32.2,0,NA
D09NOGP,1,80,90,normal,SK,,100,1050,125.6,0,11.4,0,NA
D09NOGP,1,90,100,normal,SK,,100,1100,51.6,0,17.1,0,NA
D09NOGP,1,100,120,long axis parallel,SK,,100,2000,83.7,0,13.1,0,NA
D09NOGP,1,120,140,long axis parallel,SK,,100,2000,56,0,0,0,NA
D09NOGP,1,140,160,long axis parallel,SK,,100,2000,102.2,0,12.6,0,NA
D09NOGP,1,160,180,long axis parallel,SK,,100,1900,25.9,0,1.1,0,NA
D09NOGP,1,180,200,long axis parallel,SK,,100,2000,48.8,0,1.2,0,NA
D09NOGP,2,0,10,normal,BDC,30,20.26829916,608.0489749,5271.51,0,0,0,NA
D09NOGP,2,10,20,normal,BDC,31,20.26829916,628.3172741,699.4,0,133.6,0,NA
D09NOGP,2,20,30,normal,BDC,31.5,20.26829916,638.4514237,465.4,0,65.9,0,NA
D09NOGP,2,30,40,normal,BDC,30,20.26829916,608.0489749,376.9,0,172.3,0,NA
D09NOGP,2,40,50,normal,SK,,100,3000,731.5,0,0,0,NA
D09NOGP,2,50,60,normal,SK,,100,1000,363.7,0,36.4,0,NA
D09NOGP,2,60,70,normal,SK,,100,1350,576.7,0,0,0,NA
D09NOGP,2,70,80,normal,SK,,100,1000,239,0,0,0,NA
D09NOGP,2,80,90,normal,SK,,100,1000,161,0,0,0,NA
D09NOGP,2,90,100,normal,SK,,100,1000,126.8,0,0,0,NA
D09NOGP,2,100,120,long axis parallel,SK,,100,2000,112.4,0,1.2,0,NA
D09NOGP,2,120,140,long axis parallel,SK,,100,2000,109,0,1.9,0,NA
D09NOGP,2,140,160,long axis parallel,SK,,100,2400,63.9,0,0,0,NA
D09NOGP,2,160,180,long axis parallel,SK,,100,2100,25.4,0,1.2,0,NA
D09NOGP,2,180,200,long axis parallel,SK,,100,2000,36.4,0,0,0,NA
D09NOGP,3,0,10,normal,BDC,30,20.26829916,608.0489749,5351.5,0,159,0,NA
D09NOGP,3,10,20,normal,BDC,30,20.26829916,608.0489749,645.9,0,100.3,0,NA
D09NOGP,3,20,30,normal,BDC,29.5,20.26829916,597.9148253,441.2,0,100,0,NA
D09NOGP,3,30,40,normal,BDC,30.5,20.26829916,618.1831245,428.4,0,0,0,NA
D09NOGP,3,40,50,normal,SK,,100,1000,323.7,0,0,0,NA
D09NOGP,3,50,60,normal,SK,,100,1000,136.7,0,13.9,0,NA
D09NOGP,3,60,70,normal,SK,,100,1000,132.2,0,0,0,NA
D09NOGP,3,70,80,normal,SK,,100,1000,146.5,0,0,0,NA
D09NOGP,3,80,90,normal,SK,,100,1000,55.8,0,4.1,0,NA
D09NOGP,3,90,100,normal,SK,,100,1000,28.4,0,3.3,0,NA
D09NOGP,3,100,120,long axis parallel,SK,,100,2100,106.6,0,0,0,NA
D09NOGP,3,120,140,long axis parallel,SK,,100,2100,106.3,0,0,0,NA
D09NOGP,3,140,160,long axis parallel,SK,,100,2000,73.8,0,1.2,0,NA
D09NOGP,3,160,180,long axis parallel,SK,,100,2000,63,0,5.2,0,NA
D09NOGP,3,180,200,long axis parallel,SK,,100,2000,25.7,0,1.9,0,NA
D09WOOD,1,0,10,normal,BDC,,20.26829916,608.0489749,1767.8,0,0,0,NA
D09WOOD,1,10,20,normal,BDC,,20.26829916,608.0489749,626.4,0,0,0,NA
D09WOOD,1,20,30,normal,BDC,,20.26829916,608.0489749,307,0,0,0,NA
D09WOOD,1,30,40,normal,BDC,,20.26829916,466.1708808,132.5,0,0,0,NA
D09WOOD,1,40,50,normal,BDC,,20.26829916,537.1099278,31.7,0,0,0,NA
D09WOOD,1,50,60,normal,SK,,100,1000,232.1,0,0,0,NA
D09WOOD,1,60,70,normal,SK,,100,1000,23.6,0,0,0,NA
D09WOOD,1,70,80,normal,SK,,100,1000,2.2,0,0,0,NA
D09WOOD,1,80,90,normal,SK,,100,1000,2.5,0,0,0,NA
D09WOOD,1,90,100,normal,SK,,100,1000,108,0,0,0,NA
D09WOOD,1,100,110,normal,SK,,100,1000,13.4,0,0,0,NA
D09WOOD,1,110,130,long axis parallel,SK,,100,2000,87.2,0,0,0,NA
D09WOOD,1,130,150,long axis parallel,SK,,100,2000,0,0,0,0,not roots found
D09WOOD,2,0,10,normal,BDC,,20.26829916,608.0489749,2287.3,0,0,0,NA
D09WOOD,2,10,20,normal,BDC,,20.26829916,587.7806758,424.5,0,0,0,NA
D09WOOD,2,20,30,normal,BDC,,20.26829916,729.6587699,375.3,0,0,0,NA
D09WOOD,2,30,40,normal,BDC,,20.26829916,486.4391799,54.7,0,0,0,NA
D09WOOD,2,40,50,normal,BDC,,20.26829916,202.6829916,290.7,0,0,0,NA
D09WOOD,2,50,60,normal,SK,,100,1000,299.5,0,0,0,NA
D09WOOD,2,60,70,normal,SK,,100,1000,79.1,0,0,0,NA
D09WOOD,2,70,80,normal,SK,,100,1000,125.5,0,0,0,NA
D09WOOD,2,80,90,normal,SK,,100,1000,52,0,0,0,NA
D09WOOD,2,90,100,normal,SK,,100,1000,27.8,0,0,0,NA
D09WOOD,2,100,110,normal,SK,,100,1000,0.3,0,0,0,NA
D09WOOD,2,110,130,long axis parallel,SK,,100,2000,26.3,0,0,0,NA
D09WOOD,2,130,150,long axis parallel,SK,,100,2000,1.6,0,0,0,NA
D09WOOD,3,0,10,normal,BDC,,20.26829916,648.5855732,4422.5,5840.4,0,0,NA
D09WOOD,3,10,20,normal,BDC,,20.26829916,537.1099278,304,0,0,0,NA
D09WOOD,3,20,30,normal,BDC,,20.26829916,425.6342824,222.3,0,0,0,NA
D09WOOD,3,30,40,normal,BDC,,20.26829916,526.9757783,107.7,0,0,0,NA
D09WOOD,3,40,50,normal,SK,,100,1000,655.7,0,0,0,NA
D09WOOD,3,50,60,normal,SK,,100,1000,85.8,0,0,0,NA
D09WOOD,3,60,70,normal,SK,,100,1000,128.3,0,0,0,NA
D09WOOD,3,70,80,normal,SK,,100,1000,57.1,0,0,0,NA
D09WOOD,3,80,90,normal,SK,,100,1000,386.5,0,0,0,NA
D09WOOD,3,90,100,normal,SK,,100,1000,115.1,0,0,0,NA
D09WOOD,3,100,110,normal,SK,,100,1000,25,0,0,0,NA
D09WOOD,3,110,130,long axis parallel,SK,,100,2000,87.5,0,0,0,NA
D09WOOD,3,130,150,long axis parallel,SK,,100,2000,26.4,0,0,0,NA
D10CPER,1,0,10,Parallel,BDC,,20.26829916,608.0489749,864.6,0,0,0,NA
D10CPER,1,10,20,Parallel,BDC,,20.26829916,364.829385,653,0,0,0,NA
D10CPER,1,20,30,Parallel,DB,,18.8574099,367.7194931,528.4,0,0,0,NA
D10CPER,1,30,40,Parallel,SK,,25,700,630.8,0,0,0,NA
D10CPER,1,40,50,normal,DB,,18.8574099,226.2889188,192.8,0,0,0,NA
D10CPER,1,50,60,normal,DB,,18.8574099,169.7166891,91.8,0,0,0,NA
D10CPER,1,60,70,normal,DB,,18.8574099,150.8592792,46.2,0,0,0,NA
D10CPER,1,70,80,normal,SK,,25,212.5,22.6,0,0,0,NA
D10CPER,1,80,90,normal,SK,,25,500,49.1,0,0,0,NA
D10CPER,1,110,120,normal,SK,,25,225,12.5,0,0,0,NA
D10CPER,1,130,140,normal,SK,,25,262.5,8.1,0,0,0,NA
D10CPER,1,150,160,normal,SK,,25,250,19.4,0,0,0,NA
D10CPER,2,0,10,Parallel,BDC,,20.26829916,608.0489749,678.5,0,0,0,NA
D10CPER,2,10,20,Parallel,BDC,,20.26829916,526.9757783,389.4,0,0,0,NA
D10CPER,2,20,30,Parallel,SK_DB,,18.8574099,544.29,256.7,0,0,0,Pooled one 5 cm length DB core; two 10 cm and 8 cm length SK blocks; area in cell is only the area of DB core; the area of the two other cores is 25 cm^2
D10CPER,2,30,40,Parallel,SK,,25,725,455.8,0,0,0,NA
D10CPER,2,40,50,normal,DB,,18.8574099,226.2889188,100.9,0,0,0,NA
D10CPER,2,50,60,normal,DB,,18.8574099,169.7166891,30.7,0,0,0,NA
D10CPER,2,60,70,normal,DB,,18.8574099,132.0018693,10.5,0,0,0,NA
D10CPER,2,70,80,normal,SK,,25,225,16.7,0,0,0,NA
D10CPER,2,80,90,normal,SK,,25,450,14.5,0,0,0,NA
D10CPER,2,90,100,normal,SK,,25,462.5,26.7,0,0,0,NA
D10CPER,2,110,120,normal,SK,,25,250,6.7,0,0,0,NA
D10CPER,2,130,140,normal,SK,,25,225,6.3,0,0,0,NA
D10CPER,2,150,160,normal,SK,,25,200,1.5,0,0,0,NA
D10CPER,3,0,10,Parallel,BDC,,20.26829916,608.0489749,389.2,0,0,0,NA
D10CPER,3,10,20,Parallel,BDC,,20.26829916,364.829385,490.6,0,0,0,NA
D10CPER,3,20,30,Parallel,BDC,,20.26829916,608.0489749,620.1,0,0,0,NA
D10CPER,3,30,40,Parallel,BDC,,20.26829916,567.5123766,401.8,0,0,0,NA
D10CPER,3,40,50,normal,DB,,18.8574099,207.4315089,144.7,0,0,0,NA
D10CPER,3,50,60,normal,DB,,18.8574099,207.4315089,106.4,0,0,0,NA
D10CPER,3,60,70,normal,DB,,18.8574099,169.7166891,52.6,0,0,0,NA
D10CPER,3,70,80,normal,SK,,25,225,51.2,0,0,0,NA
D10CPER,3,80,90,normal,SK,,25,500,104.8,0,0,0,NA
D10CPER,3,90,100,normal,SK,,25,450,22.1,0,0,0,NA
D10CPER,3,110,120,normal,SK,,25,225,7.4,0,0,0,NA
D10CPER,3,130,140,normal,SK,,25,225,31.2,0,0,0,NA
D10CPER,3,150,160,normal,SK,,25,350,15.4,0,0,0,NA
D10RMNP,1,0,10,normal,Knife,,100,3000,5910.8,4183.2,124.9,0,NA
D10RMNP,1,10,20,normal,Knife,,100,3000,1176.5,163.8,187.1,94.1,NA
D10RMNP,1,20,30,normal,Knife,,100,2800,792.6,2493.3,431.3,0,NA
D10RMNP,1,30,40,normal,Knife,,100,3000,1156.8,827.4,271.4,0,NA
D10RMNP,1,40,50,normal,Knife,,100,1000,364.9,982.5,57.2,0,NA
D10RMNP,1,50,60,normal,Knife,,100,1000,146.8,91.1,43.1,0,NA
D10RMNP,1,60,70,normal,Knife,,100,1000,442.6,61.3,22,0,NA
D10RMNP,1,70,80,normal,Knife,,100,1000,18.9,0,58.8,0,NA
D10RMNP,1,80,90,normal,Knife,,100,1000,10.8,0,2.8,0,NA
D10RMNP,1,90,100,normal,Knife,,100,1000,11.1,0,0,0,NA
D10RMNP,1,100,120,long axis parallel ,Knife,,100,2000,489.9,0,51.4,0,NA
D10RMNP,2,0,10,normal,Knife,,100,3000,7321.4,9578.6,269.3,0,NA
D10RMNP,2,10,20,normal,Knife,,100,3000,1472.2,383.3,0,0,NA
D10RMNP,2,20,30,normal,Knife,,100,2900,1388.6,0,162.5,0,NA
D10RMNP,2,30,40,normal,Knife,,100,3000,1005.5,277.4,288,0,NA
D10RMNP,2,40,50,normal,Knife,,100,1000,139.6,0,170.7,0,NA
D10RMNP,2,50,60,normal,Knife,,100,1000,240.9,0,0,46.3,NA
D10RMNP,2,60,70,normal,Knife,,100,1000,153.8,0,61.1,0,NA
D10RMNP,2,70,80,normal,Knife,,100,1000,335.7,0,71.3,0,NA
D10RMNP,2,80,90,normal,Knife,,110,1100,1.8,0,3.1,0,NA
D10RMNP,2,90,100,normal,Knife,,100,1000,9.2,0,0,0,NA
D10RMNP,2,100,120,long axis parallel ,Knife,,120,2400,19,0,15.4,0,NA
D10RMNP,3,0,10,normal,Knife,,100,3100,2449.7,205.9,109.3,0,NA
D10RMNP,3,10,20,normal,Knife,,100,3000,1707.4,0,199.8,0,NA
D10RMNP,3,20,30,normal,Knife,,100,2850,1739,0,171.7,0,NA
D10RMNP,3,30,40,normal,Knife,,100,3000,764.7,0,295.8,0,NA
D10RMNP,3,40,50,normal,Knife,,100,1000,19.7,0,12.6,0,NA
D10RMNP,3,50,60,normal,Knife,,100,1000,21.9,0,0.4,0,NA
D10RMNP,3,60,70,normal,Knife,,100,1000,1.1,0,0,0,NA
D10RMNP,3,70,80,normal,Knife,,110,1100,21.7,0,6.6,0,NA
D10RMNP,3,80,90,normal,Knife,,120,1200,396.1,332.2,29.3,0,NA
D10RMNP,3,90,100,normal,Knife,,100,1000,281.7,875.7,85.3,0,NA
D10RMNP,3,100,120,long axis parallel ,Knife,,100,2200,20.5,0,51.3,0,NA
D10STER,1,0,10,normal,BDC,,20.26829916,608.0489749,81,0,0,0,NA
D10STER,1,10,20,normal,BDC,,20.26829916,608.0489749,61.3,0,0,0,NA
D10STER,1,20,30,normal,BDC,,20.26829916,567.5123766,40.9,0,0,0,NA
D10STER,1,30,40,normal,BDC,,20.26829916,608.0489749,43.3,0,0,0,NA
D10STER,1,40,50,normal,SK,,100,1000,11.9,0,0,0,NA
D10STER,1,50,60,normal,SK,,100,1000,25.9,0,0,0,NA
D10STER,1,60,70,normal,SK,,100,1000,90.2,0,0,0,NA
D10STER,1,70,80,normal,SK,,100,1000,50.4,0,0,0,NA
D10STER,1,80,90,normal,SK,,100,1000,65.2,0,0,0,NA
D10STER,1,90,100,normal,SK,,100,1000,18.4,0,0,0,NA
D10STER,1,100,120,long axis parallel ,SK,,100,2000,25.5,0,0,0,NA
D10STER,1,120,140,long axis parallel ,SK,,120,2400,1.6,0,0,0,NA
D10STER,1,140,160,long axis parallel ,SK,,100,2000,1.1,0,0,0,NA
D10STER,2,0,10,normal,BDC,,20.26829916,608.0489749,70.4,0,0,0,NA
D10STER,2,10,20,normal,BDC,,20.26829916,608.0489749,35.8,0,0,0,NA
D10STER,2,20,30,normal,BDC,,20.26829916,587.7806758,47.7,0,0,0,NA
D10STER,2,30,40,normal,BDC,,20.26829916,608.0489749,23.5,0,0,0,NA
D10STER,2,40,50,normal,SK,,100,1000,8.6,0,0,0,NA
D10STER,2,50,60,normal,SK,,100,1000,17.7,0,0,0,NA
D10STER,2,60,70,normal,SK,,100,1000,9.9,0,0,0,NA
D10STER,2,70,80,normal,SK,,100,1000,11,0,0,0,NA
D10STER,2,80,90,normal,SK,,110,1100,4.9,0,0,0,NA
D10STER,2,90,100,normal,SK,,100,1000,15.4,0,0,0,NA
D10STER,2,100,120,long axis parallel ,SK,,120,2400,11.2,0,0,0,NA
D10STER,2,120,140,long axis parallel ,SK,,140,2800,3.9,0,0,0,NA
D10STER,2,140,160,long axis parallel ,SK,,120,2400,1,0,0,0,NA
D10STER,3,0,10,normal,BDC,,20.26829916,628.3172741,27.2,0,0,0,NA
D10STER,3,10,20,normal,BDC,,20.26829916,608.0489749,11.4,0,0,0,NA
D10STER,3,20,30,normal,BDC,,20.26829916,577.6465262,23,0,0,0,NA
D10STER,3,30,40,normal,BDC,,20.26829916,608.0489749,16.9,0,0,0,NA
D10STER,3,40,50,normal,SK,,100,1000,12.5,0,0,0,NA
D10STER,3,50,60,normal,SK,,100,1000,13.3,0,0,0,NA
D10STER,3,60,70,normal,SK,,100,1000,33.2,0,0,0,NA
D10STER,3,70,80,normal,SK,,110,1100,28.9,0,0,0,NA
D10STER,3,80,90,normal,SK,,120,1200,7.4,0,0,0,NA
D10STER,3,90,100,normal,SK,,100,1000,1.3,0,0,0,NA
D10STER,3,100,120,long axis parallel ,SK,,100,2200,6.6,0,0,0,NA
D10STER,3,120,140,long axis parallel ,SK,,110,2420,3.1,0,0,0,NA
D10STER,3,140,160,long axis parallel ,SK,,100,2000,2.8,0,0,0,NA
D11OAES,1,0,10,normal,BDC,33.5,20.26829916,678.988022,578.9,266.6,0,0,NA
D11OAES,1,10,20,normal,BDC,33,20.26829916,668.8538724,73.5,1377.8,0,0,NA
D11OAES,1,20,30,normal,BDC,31.5,20.26829916,638.4514237,54,0,0,0,NA
D11OAES,1,30,40,normal,SK,,100,1000,34.4,0,0,0,NA
D11OAES,2,0,10,normal,BDC,31.5,20.26829916,638.4514237,184.9,20.5,0,0,NA
D11OAES,2,10,20,normal,BDC,30,20.26829916,608.0489749,227.8,0,0,0,NA
D11OAES,2,20,30,normal,BDC,31,20.26829916,628.3172741,126.3,0,0,0,NA
D11OAES,2,30,40,normal,SK,,100,1000,61,0,0,0,NA
D11OAES,3,0,10,normal,BDC,34,20.26829916,689.1221716,724.2,0,0,0,NA
D11OAES,3,10,20,normal,BDC,32,20.26829916,648.5855732,170.6,0,0,0,NA
D11OAES,3,20,30,normal,SK,,100,1000,52.2,0,0,0,NA
D11OAES,3,30,40,normal,SK,,100,1200,112.2,0,0,0,NA
D13MOAB,1,0,10,normal,SK,,100,1000,1168.9,0,309.2,0,NA
D13MOAB,1,10,20,normal,SK,,100,1000,2497,0,269.4,0,NA
D13MOAB,1,20,30,normal,SK,,100,1000,1281.4,0,54.2,0,NA
D13MOAB,1,30,40,normal,SK,,100,1000,873.5,0,39.6,0,NA
D13MOAB,1,40,50,normal,SK,,100,1000,63.4,0,3.1,0,NA
D13MOAB,1,50,60,normal,SK,,100,1000,41.7,0,4.2,0,NA
D13MOAB,1,60,70,normal,SK,,100,1000,14.1,0,12,0,NA
D13MOAB,1,70,80,normal,SK,,130,1300,3.8,0,2.5,0,NA
D13MOAB,1,80,90,normal,SK,,100,1000,8.6,0,0.2,0,NA
D13MOAB,1,90,100,normal,SK,,100,1000,70,0,3.6,0,NA
D13MOAB,1,100,120,normal,SK,,100,2000,52.3,0,17.2,0,NA
D13MOAB,1,120,140,normal,SK,,100,2000,37.5,0,11.1,0,NA
D13MOAB,1,140,160,normal,SK,,120,2400,42.2,698.1,67.7,0,NA
D13MOAB,1,160,180,normal,SK,,100,2000,5.3,0,4,0,NA
D13MOAB,2,0,10,normal,SK,,100,1000,1118.1,0,259.1,0,NA
D13MOAB,2,10,20,normal,SK,,100,1000,1055.3,0,156.6,0,NA
D13MOAB,2,20,30,normal,SK,,100,1000,1654.2,0,95,0,NA
D13MOAB,2,30,40,normal,SK,,100,1000,433.7,0,140.6,0,NA
D13MOAB,2,40,50,normal,SK,,100,1000,47.8,0,42.8,0,NA
D13MOAB,2,50,60,normal,SK,,100,1000,27,0,2.9,0,NA
D13MOAB,2,60,70,normal,SK,,100,1000,12,0,2.4,0,NA
D13MOAB,2,70,80,normal,SK,,100,1000,22.1,0,63.3,0,NA
D13MOAB,2,80,90,normal,SK,,100,1000,13,0,5.1,0,NA
D13MOAB,2,90,100,normal,SK,,100,1000,32.4,0,1.5,0,NA
D13MOAB,2,100,120,normal,SK,,100,2000,40.3,0,4.8,0,NA
D13MOAB,2,120,140,normal,SK,,140,2800,22.4,0,5.6,0,NA
D13MOAB,2,140,160,normal,SK,,100,2000,52.7,0,9.4,0,NA
D13MOAB,2,160,180,normal,SK,,100,2000,110.1,0,15.1,0,NA
D13MOAB,3,0,10,normal,SK,,100,1000,1126.7,0,283.1,0,NA
D13MOAB,3,10,20,normal,SK,,100,1000,1089.3,0,191.5,0,NA
D13MOAB,3,20,30,normal,SK,,100,1000,1382.5,0,98.3,0,NA
D13MOAB,3,30,40,normal,SK,,100,1000,854.4,0,77.9,0,NA
D13MOAB,3,40,50,normal,SK,,100,1000,46.4,0,31.6,0,NA
D13MOAB,3,50,60,normal,SK,,100,1000,43.2,0,7.9,0,NA
D13MOAB,3,60,70,normal,SK,,100,1000,30.6,0,7.5,0,NA
D13MOAB,3,70,80,normal,SK,,100,1000,52.2,0,11.5,0,NA
D13MOAB,3,80,90,normal,SK,,100,1000,94.1,0,15.2,0,NA
D13MOAB,3,90,100,normal,SK,,117,1170,3.2,0,4.4,0,ended up taking 2 samples at 3-90 but I know for certain this sample is correct; labeled the coin envelope of the other 3-90 as extra/duplicate
D13MOAB,3,100,120,normal,SK,,120,1200,28.1,0,18,0,NA
D13MOAB,3,120,140,normal,SK,,100,2000,35.9,0,52.3,0,NA
D13MOAB,3,140,160,normal,SK,,100,2000,17.1,0,1.1,0,NA
D13MOAB,3,160,180,normal,SK,,100,2000,34.7,0,65.8,0,NA
D13NIWO,1,0,10,normal,SK,,100,1000,3903.7,1075.8,621.4,389.6,NA
D13NIWO,1,10,20,normal,SK,,100,1000,2567.6,0,0,0,NA
D13NIWO,1,20,30,normal,SK,,110,1100,738.8,0,86.6,0,NA
D13NIWO,1,30,40,normal,SK,,100,1000,104.6,0,5.6,0,large rocks
D13NIWO,1,40,50,normal,SK,,100,1000,151.3,0,20.2,0,very gravely
D13NIWO,1,50,60,normal,SK,,100,1000,130.7,0,10.6,0,NA
D13NIWO,1,60,70,normal,SK,,100,1000,5.3,0,2.9,0,NA
D13NIWO,1,70,80,normal,SK,,100,1000,0.7,0,0,0,NA
D13NIWO,1,80,90,normal,SK,,100,1000,3.1,0,2.5,0,NA
D13NIWO,1,90,100,normal,SK,,100,1000,11.4,0,6,0,NA
D13NIWO,1,100,120,normal,SK,,100,2000,15.7,0,12.1,0,2 large rocks
D13NIWO,1,120,140,normal,SK,,100,2000,0.9,0,0,0,NA
D13NIWO,2,0,10,normal,SK,,100,1000,34279.2,5112.6,0,0,NA
D13NIWO,2,10,20,normal,SK,,100,1000,10935.6,781.2,0,0,large rocks
D13NIWO,2,20,30,normal,SK,,100,1000,1045.1,0,0,0,NA
D13NIWO,2,30,40,normal,SK,,100,1000,216.6,0,51.1,0,NA
D13NIWO,2,40,50,normal,SK,,100,1000,16.7,0,3.1,0,NA
D13NIWO,2,50,60,normal,SK,,100,1000,30.7,0,0.6,0,NA
D13NIWO,2,60,70,normal,SK,,100,1000,37.1,0,1,0,NA
D13NIWO,2,70,80,normal,SK,,100,1000,12.1,0,2.8,0,NA
D13NIWO,2,80,90,normal,SK,,100,1000,1.3,0,3.3,0,NA
D13NIWO,2,90,100,normal,SK,,100,1000,5.3,0,2.5,0,NA
D13NIWO,2,100,120,normal,SK,,100,2000,1.7,0,2.3,0,NA
D13NIWO,2,120,140,normal,SK,,100,2000,7,0,6.9,0,VERY large rock (accounts for almost 1/2 of sample volume)
D13NIWO,3,0,10,normal,SK,,120,1200,4629.6,1546.4,273.6,0,NA
D13NIWO,3,10,20,normal,SK,,100,1000,1364.1,0,75.9,0,large rocks in sample
D13NIWO,3,20,30,normal,SK,,100,1000,612.5,0,136,0,large rocks
D13NIWO,3,30,40,normal,SK,,120,1200,494,0,93.7,0,big rock in sample
D13NIWO,3,40,50,normal,SK,,120,1200,771.5,0,81.3,0,big rock
D13NIWO,3,50,60,normal,SK,,100,1000,373.7,0,22.2,0,NA
D13NIWO,3,60,70,normal,SK,,100,1000,94.9,0,46.7,0,NA
D13NIWO,3,70,80,normal,SK,,100,1000,63.9,0,4.2,0,rocks
D13NIWO,3,80,90,normal,SK,,100,1000,0.9,0,1.2,0,NA
D13NIWO,3,90,100,normal,SK,,100,1000,0.1,0,2.7,0,NA
D13NIWO,3,100,120,normal,SK,,100,2000,0.2,0,1.5,0,rocks
D13NIWO,3,120,140,normal,SK,,100,2000,1.8,0,0.9,0,NA
D14JORN,1,0,10,normal,BDC,,20.26829916,648.5855732,937.2,0,0,0,NA
D14JORN,1,10,20,normal,BDC,,20.26829916,608.0489749,335.8,0,0,0,NA
D14JORN,1,20,30,normal,BDC,,20.26829916,608.0489749,156.6,0,0,0,NA
D14JORN,1,30,40,normal,BDC,,20.26829916,628.3172741,42,0,0,0,NA
D14JORN,1,40,50,normal,SK,,100,1000,101.8,307.6,0,0,NA
D14JORN,1,50,60,normal,SK,,100,1000,55,0,0,0,NA
D14JORN,1,60,70,normal,SK,,100,1000,211,0,0,0,NA
D14JORN,1,70,80,normal,SK,,100,1000,283,0,0,0,NA
D14JORN,1,80,90,normal,SK,,100,1000,241,0,0,0,NA
D14JORN,1,90,100,normal,SK,,90,900,17,0,0,0,shorter axis perpendicular to the face. Hard caliche layer made it hard to extract more
D14JORN,1,100,120,long axis parallel,SK,,100,2000,3.8,0,0,0,NA
D14JORN,1,120,140,long axis parallel,SK,,100,2000,11.6,0,0,0,NA
D14JORN,1,140,160,long axis parallel,SK,,100,2000,571.3,0,0,0,NA
D14JORN,1,160,180,long axis parallel,SK,,100,2000,69.6,0,0,0,NA
D14JORN,2,0,10,normal,BDC,,20.26829916,668.8538724,373.4,0,0,0,NA
D14JORN,2,10,20,normal,BDC,,20.26829916,648.5855732,321.2,0,0,0,NA
D14JORN,2,20,30,normal,BDC,,20.26829916,587.7806758,72.5,0,0,0,NA
D14JORN,2,30,40,normal,BDC,,20.26829916,628.3172741,70.8,0,0,0,NA
D14JORN,2,40,50,normal,BDC,,20.26829916,608.0489749,56.1,0,0,0,NA
D14JORN,2,50,60,normal,BDC,,20.26829916,608.0489749,16.3,0,0,0,NA
D14JORN,2,60,70,normal,BDC,,20.26829916,608.0489749,22.5,0,0,0,NA
D14JORN,2,70,80,normal,BDC,,20.26829916,608.0489749,24.2,0,0,0,NA
D14JORN,2,80,90,normal,SK,,100,1000,29.7,0,0,0,NA
D14JORN,2,90,100,normal,SK,,100,1000,9.5,0,0,0,NA
D14JORN,2,100,120,long axis parallel,SK,,100,2000,18.5,0,0,0,lots of cave in during sampling so difficult to get an accurate area or volume
D14JORN,2,120,140,long axis parallel,SK,,100,2000,41.8,0,0,0,NA
D14JORN,2,140,160,long axis parallel,SK,,100,2000,10.7,0,0,0,NA
D14JORN,2,160,180,long axis parallel,SK,,100,2000,37.8,0,0,0,NA
D14JORN,3,0,10,normal,BDC,,20.26829916,689.1221716,594.1,0,0,0,NA
D14JORN,3,10,20,normal,BDC,,20.26829916,567.5123766,411.2,0,0,0,NA
D14JORN,3,20,30,normal,BDC,,20.26829916,608.0489749,162.5,0,0,0,NA
D14JORN,3,30,40,normal,BDC,,20.26829916,648.5855732,37.5,0,0,0,NA
D14JORN,3,40,50,normal,SK,,100,1000,40.1,0,0,0,NA
D14JORN,3,50,60,normal,SK,,100,1000,143.9,186.5,0,0,NA
D14JORN,3,60,70,normal,SK,,100,1000,61.6,0,0,0,NA
D14JORN,3,70,80,long axis perpendicular to face,SK,,110,1100,15.9,0,0,0,Long axis perpendicular not parallel to the face
D14JORN,3,80,90,normal,SK,,100,1000,15.7,0,0,0,NA
D14JORN,3,90,100,normal,SK,,100,1000,3.3,0,0,0,NA
D14JORN,3,100,120,long axis parallel,SK,,100,2200,23.1,0,0,0,Lots of cave in lead to extra length and material 
D14JORN,3,120,140,long axis parallel,SK,,100,2000,72.6,0,0,0,NA
D14JORN,3,140,160,long axis parallel,SK,,100,2000,43.8,0,0,0,NA
D14JORN,3,160,180,long axis parallel,SK,,100,2000,38.3,0,0,0,Had to remove two large cobbles from sample area
D14SRER,1,0,10,normal,BDC,34,20.26829916,689.1221716,49.6,0,155.5,0,NA
D14SRER,1,10,20,normal,BDC,33,20.26829916,668.8538724,77.1,666.6,66.4,0,NA
D14SRER,1,20,30,normal,BDC,28,20.26829916,567.5123766,25.3,112.6,105.6,0,NA
D14SRER,1,30,40,normal,SK,,100,1000,143.1,1717.5,157.1,0,NA
D14SRER,1,40,50,normal,SK,,100,1100,257,0,25.4,0,NA
D14SRER,1,50,60,normal,SK,,100,1200,215.4,0,44.9,0,NA
D14SRER,1,60,70,normal,SK,,110,990,6.2,0,1,0,NA
D14SRER,1,70,80,normal,SK,,100,1200,17.4,0,0,0,NA
D14SRER,1,80,90,normal,SK,,150,750,8.8,0,0,0,NA
D14SRER,1,90,100,normal,SK,,100,1000,10.5,0,0,0,NA
D14SRER,1,100,120,long axis parallel,SK,,110,2200,87.8,0,249.2,0,NA
D14SRER,1,120,140,normal,SK,,100,2000,337.3,0,28.8,0,NA
D14SRER,1,140,160,normal,SK,,144,2880,286.1,0,112.8,0,NA
D14SRER,1,160,180,normal,SK,,100,2000,63.6,0,28.7,0,NA
D14SRER,2,0,10,normal,BDC,30,20.26829916,608.0489749,89.9,756.3,0,0,NA
D14SRER,2,10,20,normal,BDC,30,20.26829916,608.0489749,174.6,0,16.9,0,NA
D14SRER,2,20,30,normal,SK,,120,1200,239.3,0,0,0,NA
D14SRER,2,30,40,normal,SK,,120,1200,33.1,0,115,0,NA
D14SRER,2,40,50,normal,SK,,110,1100,41.3,0,6,0,NA
D14SRER,2,50,60,normal,SK,,100,1000,103.8,0,34.7,0,NA
D14SRER,2,60,70,normal,SK,,100,1000,35.3,0,0,0,NA
D14SRER,2,70,80,normal,SK,,100,1000,44.6,0,30.6,0,NA
D14SRER,2,80,90,normal,SK,,100,1000,89.4,0,4.1,0,NA
D14SRER,2,90,100,normal,SK,,120,1200,516.3,0,1.1,0,NA
D14SRER,2,100,120,long axis parallel,SK,,100,2000,119.5,0,3,0,NA
D14SRER,2,120,140,normal,SK,,110,2200,111.5,0,5.9,0,NA
D14SRER,2,140,160,normal,SK,,100,2000,280.5,0,74.3,0,NA
D14SRER,2,160,180,normal,SK,,100,2000,61.2,0,48,0,NA
D14SRER,3,0,10,normal,BDC,34.5,20.26829916,699.2563212,223.3,0,100.6,0,NA
D14SRER,3,10,20,normal,BDC,31.5,20.26829916,638.4514237,497.4,139.2,0,0,NA
D14SRER,3,20,30,normal,BDC,29,20.26829916,587.7806758,146.9,507.4,0,0,NA
D14SRER,3,30,40,normal,BDC,30,20.26829916,608.0489749,218.3,102.9,196.3,0,NA
D14SRER,3,40,50,normal,SK,,120,1200,137,0,205.2,0,NA
D14SRER,3,50,60,normal,SK,,168,1680,57.7,0,154.4,0,NA
D14SRER,3,60,70,normal,SK,,144,1440,62.5,0,92.3,0,NA
D14SRER,3,70,80,normal,SK,,99,990,60.7,0,150.3,0,NA
D14SRER,3,80,90,normal,SK,,100,1000,33.7,0,314.5,0,NA
D14SRER,3,90,100,normal,SK,,100,1000,56.4,0,0,0,NA
D14SRER,3,100,120,long axis parallel,SK,,100,2000,71.8,0,3.5,0,NA
D14SRER,3,120,140,normal,SK,,100,2000,118.6,0,11.4,0,NA
D14SRER,3,140,160,normal,SK,,100,2000,94.1,0,11.3,0,NA
D14SRER,3,160,180,normal,SK,,100,2000,135.4,0,47.6,0,NA
D15ONAQ,1,0,10,normal,SK,,90,1000,615.7,0,0,0,NA
D15ONAQ,1,10,20,normal,SK,,130,1300,1235.5,0,0,0,NA
D15ONAQ,1,20,30,normal,SK,,100,1000,529.6,0,0,0,NA
D15ONAQ,1,30,40,normal,SK,,100,1000,794.7,0,0,0,NA
D15ONAQ,1,40,50,normal,SK,,100,1000,214.3,0,0,0,NA
D15ONAQ,1,50,60,normal,SK,,100,1000,997.8,0,0,0,NA
D15ONAQ,1,60,70,normal,SK,,80,800,602.5,1499.3,0,0,NA
D15ONAQ,1,70,80,normal,SK,,100,1000,993.4,0,0,0,NA
D15ONAQ,1,80,90,normal,SK,,100,1000,467.7,0,0,0,NA
D15ONAQ,1,90,100,normal,SK,,100,1000,254.5,0,0,0,NA
D15ONAQ,1,100,120,normal,SK,,100,2000,75.9,0,0,0,NA
D15ONAQ,1,120,140,normal,SK,,100,2000,8.5,0,0,0,NA
D15ONAQ,1,140,160,normal,SK,,100,2000,4.1,0,0,0,NA
D15ONAQ,1,160,180,normal,SK,,100,2000,9.9,0,0,0,NA
D15ONAQ,1,180,200,normal,SK,,100,2000,3,0,0,0,NA
D15ONAQ,2,0,10,normal,SK,,170,1700,1316,0,0,0,accurate? Check with JM/RK; yes (CF)
D15ONAQ,2,10,20,normal,SK,,170,1700,958.2,0,0,0,accurate? Check with JM/RK; yes (CF)
D15ONAQ,2,20,30,normal,SK,,100,1000,1496.3,0,0,0,NA
D15ONAQ,2,30,40,normal,SK,,100,1000,202.4,0,0,0,NA
D15ONAQ,2,40,50,normal,SK,,100,1000,553,0,0,0,NA
D15ONAQ,2,50,60,normal,SK,,100,1000,306.4,0,0,0,NA
D15ONAQ,2,60,70,normal,SK,,100,1000,1564.9,0,0,0,NA
D15ONAQ,2,70,80,normal,SK,,100,1000,1028.2,0,0,0,NA
D15ONAQ,2,80,90,normal,SK,,100,1000,336.1,0,0,0,NA
D15ONAQ,2,90,100,normal,SK,,100,1000,104.3,0,0,0,NA
D15ONAQ,2,100,120,normal,SK,,100,2000,189.7,0,0,0,NA
D15ONAQ,2,120,140,normal,SK,,100,2000,46,0,0,0,NA
D15ONAQ,2,140,160,normal,SK,,100,2000,5,0,0,0,NA
D15ONAQ,2,160,180,normal,SK,,100,2000,6,0,0,0,NA
D15ONAQ,2,180,200,normal,SK,,100,2000,1,0,0,0,NA
D15ONAQ,3,0,10,normal,SK,,100,1000,754.2,0,0,0,NA
D15ONAQ,3,10,20,normal,SK,,100,1000,1997,2846.3,0,0,NA
D15ONAQ,3,20,30,normal,SK,,100,1000,1846.9,1644.2,0,0,NA
D15ONAQ,3,30,40,normal,SK,,120,1200,2428.6,409.5,0,0,NA
D15ONAQ,3,40,50,normal,SK,,100,1000,788.7,0,0,0,NA
D15ONAQ,3,50,60,normal,SK,,100,1000,453.9,0,0,0,NA
D15ONAQ,3,60,70,normal,SK,,100,1000,1168.2,0,0,0,NA
D15ONAQ,3,70,80,normal,SK,,100,1000,1638,0,0,0,NA
D15ONAQ,3,80,90,normal,SK,,130,1300,487.9,0,0,0,NA
D15ONAQ,3,90,100,normal,SK,,100,1000,267,0,0,0,NA
D15ONAQ,3,100,120,normal,SK,,100,2000,321,0,0,0,NA
D15ONAQ,3,120,140,normal,SK,,100,2000,81.4,0,0,0,NA
D15ONAQ,3,140,160,normal,SK,,100,2000,15.2,0,0,0,NA
D15ONAQ,3,160,180,normal,SK,,100,2000,5.2,0,0,0,NA
D15ONAQ,3,180,200,normal,SK,,100,2000,5.6,0,0,0,NA
D16ABBY,1,0,10,normal,SK,,100,1000,6681.2,1803.5,258.6,0,NA
D16ABBY,1,10,20,normal,SK,,100,1000,5182.2,603.9,0,0,NA
D16ABBY,1,20,30,normal,SK,,50,500,1399,2073.2,0,0,NA
D16ABBY,1,30,40,normal,SK,,90,900,6024.7,0,0,1513.6,NA
D16ABBY,1,40,50,normal,SK,,100,1000,676.7,0,34.1,0,NA
D16ABBY,1,50,60,normal,SK,,100,1000,1931,0,119.4,0,NA
D16ABBY,1,60,70,normal,SK,,100,1000,1426.2,0,0,0,NA
D16ABBY,1,70,80,normal,SK,,100,1000,243.9,0,0,0,NA
D16ABBY,1,80,90,normal,SK,,100,1000,282,0,0,0,NA
D16ABBY,1,90,100,long axis parallel,SK,,100,1000,567.7,0,0,0,NA
D16ABBY,1,100,120,long axis parallel,SK,,200,2000,529.9,0,0,0,NA
D16ABBY,1,120,140,long axis parallel,SK,,200,2000,126.1,0,0,0,NA
D16ABBY,1,140,160,long axis parallel,SK,,200,2000,44.2,0,0,0,NA
D16ABBY,1,160,180,long axis parallel,SK,,200,2000,9.3,0,0,0,NA
D16ABBY,1,180,200,long axis parallel,SK,,200,2000,0,0,0,0,NA
D16ABBY,2,0,10,normal,SK,,108,1080,4498.6,5368.6,198.4,0,NA
D16ABBY,2,10,20,normal,SK,,108,1296,5797.8,425.9,0,0,NA
D16ABBY,2,20,30,normal,SK,,99,990,1763.1,311.9,223.6,0,NA
D16ABBY,2,30,40,normal,SK,,64,768,2123.2,0,262.3,0,NA
D16ABBY,2,40,50,normal,SK,,110,1100,1487.9,0,0,0,NA
D16ABBY,2,50,60,normal,SK,,132,1320,1323.2,0,0,0,NA
D16ABBY,2,60,70,normal,SK,,100,1000,1472.8,0,0,0,NA
D16ABBY,2,70,80,normal,SK,,100,1000,682.9,0,0,0,NA
D16ABBY,2,80,90,normal,SK,,100,1000,698.9,0,0,0,NA
D16ABBY,2,90,100,long axis parallel,SK,,100,1000,353.5,0,0,0,NA
D16ABBY,2,100,120,long axis parallel,SK,,200,2000,463.4,0,0,0,NA
D16ABBY,2,120,140,long axis parallel,SK,,200,2000,338.1,0,0,0,NA
D16ABBY,2,140,160,long axis parallel,SK,,200,2000,5.7,0,0,0,NA
D16ABBY,2,160,180,long axis parallel,SK,,200,2000,12.2,0,0,0,NA
D16ABBY,2,180,200,long axis parallel,SK,,200,2000,0,0,0,0,NA
D16ABBY,3,0,10,normal,SK,,100,1000,6100.2,13809.4,0,0,NA
D16ABBY,3,10,20,normal,SK,,132,1320,4367,0,234.2,0,NA
D16ABBY,3,20,30,normal,SK,,100,1000,7101.8,259.5,0,0,NA
D16ABBY,3,30,40,normal,SK,,100,1000,2940.2,368.6,53.6,0,NA
D16ABBY,3,40,50,normal,SK,,100,1000,1783.7,183,101.4,0,NA
D16ABBY,3,50,60,normal,SK,,90,900,1955.8,2869.8,0,0,NA
D16ABBY,3,60,70,normal,SK,,132,1320,1476.5,0,0,0,NA
D16ABBY,3,70,80,normal,SK,,100,1000,740.3,0,0,0,NA
D16ABBY,3,80,90,normal,SK,,100,1000,373.2,0,0,0,NA
D16ABBY,3,90,100,long axis parallel,SK,,100,1000,286.8,0,0,0,NA
D16ABBY,3,100,120,long axis parallel,SK,,200,2000,330.4,0,0,0,NA
D16ABBY,3,120,140,long axis parallel,SK,,200,2000,241.2,0,0,0,NA
D16ABBY,3,140,160,long axis parallel,SK,,200,2000,17.1,0,0,0,NA
D16ABBY,3,160,180,long axis parallel,SK,,200,2000,6.9,0,0,0,NA
D16ABBY,3,180,200,long axis parallel,SK,,200,2000,297.1,0,0,0,NA
